INLINE ExpandedItemTable,Name,Description,Use Desc,ID,Type,ItemAbility,Stat Boosts,Effectiveness,Uses,Mt,Hit,Wt,Crit,Range,Price Per Use,Weapon Level,Icon,Use Effect,Weapon Effect,Weapon EXP,Debuff Type,IER Byte,Item Skill
Nothing,0x0,0x0,0x0,0x0,0x0,0x0,0x0,0x0,0,0,0,0,0,0x0,0,NoRank,0x0,0x0,NoEffect,0,0x0,0x0,0x0
Iron Sword,0x354,IronDesc,0x0,0x1,0x0,IsWeapon,0x0,0x0,40,5,95,5,0,0x11,13,ERank,0x0,0x0,NoEffect,1,0x0,0x0,0x0
Steel Sword,0x356,SteelDesc,0x0,0x2,0x0,IsWeapon,0x0,0x0,35,8,90,8,0,0x11,16,DRank,0x1,0x0,NoEffect,1,0x0,0x0,0x0
Silver Sword,0x357,SilverDesc,0x0,0x3,0x0,IsWeapon,0x0,0x0,30,11,85,7,0,0x11,47,BRank,0x2,0x0,NoEffect,1,0x0,0x0,0x0
Iron Blade,0x358,IronHDesc,0x0,0x4,0x0,IsWeapon,0x0,0x0,35,9,80,10,0,0x11,18,DRank,0x3,0x0,NoEffect,2,0x0,0x0,0x0
Steel Blade,0x359,SteelHDesc,0x0,0x5,0x0,IsWeapon,0x0,0x0,30,12,75,13,0,0x11,35,CRank,0x4,0x0,NoEffect,2,0x0,0x0,0x0
Silver Blade,0x35a,SilverHDesc,0x0,0x6,0x0,IsWeapon,0x0,0x0,25,15,70,11,5,0x11,70,ARank,0x5,0x0,NoEffect,2,0x0,0x0,0x0
Brave Sword,0x35d,0x40D,0x0,0x7,0x0,IsWeapon |IsBrave,0x0,0x0,30,9,80,12,0,0x11,70,ARank,0x6,0x0,NoEffect,1,0x0,0x0,0x0
Killing Edge,0x35F,KillerDesc,0x0,0x8,0x0,IsWeapon,0x0,0x0,30,7,90,7,30,0x11,49,CRank,0x7,0x0,NoEffect,1,0x0,0x0,0x0
Shamshir,0x35E,KillerDesc,0x0,0x9,0x0,IsWeapon,0x0,0x0,20,8,85,5,35,0x11,61,BRank,0x8,0x0,NoEffect,2,0x0,0x0,0x0
Slaying Edge,SlayingEdgeName,SlayingDesc,0x0,0xa,0x0,IsWeapon,0x0,0x0,20,8,85,8,0,0x11,100,BRank,0x9,0x0,NoEffect,1,0x0,0x0,RightfulGodID
Poison Sword,0x35B,0x40B,0x0,0xb,0x0,IsWeapon,0x0,0x0,40,5,90,6,0,0x11,15,DRank,0xa,0x0,PoisonEffect,1,0x0,0x0,0x0
Glass Sword,GlassSwordName,GlassDesc,0x0,0xc,0x0,IsWeapon,0x0,0x0,3,11,85,3,0,0x11,200,ERank,0xb,0x0,NoEffect,5,0x0,0x0,0x0
Soothing Sword,SoothingSwordName,SoothingSwordDesc,0x4d2,0xd,0x0,IsWeapon,0x0,0x0,15,8,85,7,0,0x11,61,DRank,0xc,0x21,NoEffect,1,0x0,0x0,RenewalID
Superior Edge,SuperiorEdgeName,SuperiorEdgeDesc,0x0,0xe,0x0,IsWeapon,0x0,0x0,15,11,80,9,0,0x11,130,BRank,0xd,0x0,NoEffect,1,0x0,0x0,SwordbreakerID
Lancereaver,0x364,0x414,0x0,0xf,0x0,IsWeapon|ReverseTriangle,0x0,0x0,15,9,75,9,5,0x11,120,CRank,0xe,0x0,NoEffect,1,0x0,0x0,0x0
Rapier,0x35c,0x40c,0x0,0x10,0x0,IsWeapon,0x0,LordWeaponEffectiveness|IsPointer,35,5,90,5,10,0x11,45,CRank,0xf,0x0,NoEffect,2,0x0,0x0,0x0
Armorslayer,0x360,0x410,0x0,0x11,0x0,IsWeapon,0x0,ArmorEffectiveness|IsPointer,25,8,80,11,0,0x11,58,DRank,0x10,0x0,NoEffect,1,0x0,0x0,0x0
Wyrmslater,0x361,0x411,0x0,0x12,0x0,IsWeapon,0x0,DragonEffectiveness|IsPointer,25,8,80,11,0,0x11,58,DRank,0x11,0x0,NoEffect,1,0x0,0x0,0x0
Zanbato,0x365,0x415,0x0,0x13,0x0,IsWeapon,0x0,HorseEffectiveness|IsPointer,25,8,80,11,0,0x11,58,DRank,0x12,0x0,NoEffect,1,0x0,0x0,0x0
Sunrise Katana,SunriseKatanaName,SunriseKatanaDesc,0x0,0x14,0x0,IsWeapon,0x0,0x0,30,3,85,4,0,0x11,40,DRank,0x13,0x0,NoEffect,1,0x0,0x0,VigilanceID
Venge Katana,VengeKatanaName,VengeDesc,0x0,0x15,0x0,IsWeapon,0x0,0x0,25,9,90,6,0,0x11,160,ARank,0x14,0x0,NoEffect,1,0x0,0x0,FierceStanceID
Wind Sword,0x368,0x41b,0x0,0x16,0x0,IsWeapon,0x0,0x0,35,5,90,6,0,0x12,14,DRank,0x15,0x0,NoEffect,1,0x0,0x0,0x0
Tempest Blade,TempestBladeName,0x41b,0x0,0x17,0x0,IsWeapon,0x0,FlierEffectiveness|IsPointer,25,10,85,7,5,0x12,50,BRank,0x16,0x0,NoEffect,1,0x0,0x0,0x0
Levin Sword,LevinSwordName,MagWeaponDesc,0x0,0x18,0x0,IsWeapon|MagicDamage,0x0,0x0,25,10,85,8,0,0x12,64,CRank,0x17,0x0,NoEffect,1,0x0,0x0,0x0
Flame Sword,FlameSwordName,MagWeaponDesc,0x0,0x19,0x0,IsWeapon|MagicDamage,0x0,0x0,20,11,75,9,0,0x12,70,ARank,0x18,0x0,NoEffect,1,0x0,0x0,0x0
Light Brand,0x362,0x412,0x0,0x1a,0x0,IsWeapon|MagicDamage,LightBrandBoost|IsPointer,0x0,20,9,90,6,10,0x12,50,CRank,0x19,0x0,NoEffect,1,0x0,0x0,0x0
Runesword,0x363,0x413,0x0,0x1b,0x0,IsWeapon|MagicDamage|NegateCriticals,0x0,0x0,20,11,70,13,0,0x12,220,BRank,0x1a,0x0,NosferatuEffect,1,0x0,0x0,0x0
Knife,KnifeName,KnifeDesc,0x0,0x1c,0x0,IsWeapon|WeaponLock1,0x0,0x0,40,4,90,2,5,0x12,12,DRank,0x1b,0x0,NoEffect,1,0x0,0x0,0x0
Baurenwehr,BaurenwehrName,KnifeDesc,0x0,0x1d,0x0,IsWeapon|WeaponLock1,0x0,0x0,35,7,85,5,5,0x12,15,CRank,0x1c,0x0,NoEffect,1,0x0,0x0,0x0
Kukri,KukriName,KnifeDesc,0x0,0x1e,0x0,IsWeapon|WeaponLock1,0x0,0x0,30,10,80,4,5,0x12,45,BRank,0x1d,0x0,NoEffect,2,0x0,0x0,0x0
Spy's Knife,SpysKnifeName,SpysKnifeDesc,0x0,0x1f,0x0,IsWeapon|WeaponLock1,0x0,0x0,20,3,70,1,0,0x33,50,ARank,0x1e,0x0,NoEffect,2,0x0,0x0,0x0
Justice's Bolt,JusticesBoltName,JusticesBoltDesc,0x0,0x20,0x0,IsWeapon|Indestructible|Unsellable|EirikaLock|WeaponLock2,JusticesBolt|IsPointer,0x0,1,7,80,10,5,0x11,0,NoRank,0x1f,0x0,NoEffect,2,0x0,0x0,StrongRiposteID
Lady Sword,LadySwordName,LadySwordDesc,0x0,0x21,0x0,IsWeapon|Unsellable|WeaponLock2,0x0,BanditEffectiveness|IsPointer,60,6,100,5,10,0x11,0,NoRank,0x21,0x0,NoEffect,2,0x0,0x0,0x0
Eclipse Blade,EclipseBladeName,EclipseBladeDesc,0x0,0x22,0x0,IsWeapon|Indestructible|Unsellable|WeaponLock2,EclipseBlade|IsPointer,0x0,1,0,85,6,0,0x11,0,NoRank,0x22,0x0,EclipseEffect,2,0x0,0x0,0x0
Frost Rapier,FrostRapierName,FrostRapierDesc,0x0,0x23,0x0,IsWeapon|Indestructible|Unsellable|WeaponLock2,FrostRapier|IsPointer,0x0,1,15,60,6,0,0x12,0,NoRank,0x23,0x0,NoEffect,2,0x0,0x0,RenewalID
Iustitiae,IustitiaeName,IustitiaeDesc,0x0,0x24,0x0,IsWeapon|Indestructible|Unsellable|EirikaLock|WeaponLock2,Iustitiae|IsPointer,0x0,1,16,80,11,20,0x11,0,NoRank,0x27,0x0,NoEffect,2,0x0,0x0,0x0
Empress Blade,EmpressBladeName,EmpressBladeDesc,0x0,0x25,0x0,IsWeapon|Unsellable,EmpressBlade|IsPointer,0x0,30,14,85,9,15,0x11,0,SRank,0x28,0x0,NoEffect,1,0x0,0x0,0x0
Iron Lance,0x369,IronDesc,0x0,0x26,0x1,IsWeapon,0x0,0x0,40,6,85,7,0,0x11,14,ERank,0x29,0x0,NoEffect,1,0x0,0x0,0x0
Slim Lance,0x36A,SlimLanceDesc,0x0,0x27,0x1,IsWeapon,0x0,0x0,50,4,90,4,5,0x11,7,ERank,0x2a,0x0,NoEffect,3,0x0,0x0,0x0
Steel Lance,0x36B,SteelDesc,0x0,0x28,0x1,IsWeapon,0x0,0x0,35,9,80,12,0,0x11,26,DRank,0x2b,0x0,NoEffect,1,0x0,0x0,0x0
Silver Lance,0x36C,SilverDesc,0x0,0x29,0x1,IsWeapon,0x0,0x0,30,13,75,9,0,0x11,52,BRank,0x2c,0x0,NoEffect,1,0x0,0x0,0x0
Iron Greatlance,IronGreatlanceName,IronHDesc,0x0,0x2a,0x1,IsWeapon,0x0,0x0,35,11,75,14,0,0x11,20,DRank,0x2d,0x0,NoEffect,2,0x0,0x0,0x0
Steel Greatlance,SteelGreatlanceName,SteelHDesc,0x0,0x2b,0x1,IsWeapon,0x0,0x0,30,14,70,18,0,0x11,38,CRank,0x2e,0x0,NoEffect,2,0x0,0x0,0x0
Silver Greatlance,SilverGreatlanceName,SilverHDesc,0x0,0x2c,0x1,IsWeapon,0x0,0x0,25,17,50,17,0,0x11,78,ARank,0x2f,0x0,NoEffect,2,0x0,0x0,0x0
Brave Lance,0x36E,0x40D,0x0,0x2d,0x1,IsWeapon|IsBrave,0x0,0x0,30,10,70,11,0,0x11,74,ARank,0x30,0x0,NoEffect,1,0x0,0x0,0x0
Killer Lance,0x36F,KillerDesc,0x0,0x2e,0x1,IsWeapon,0x0,0x0,30,10,80,10,30,0x11,56,CRank,0x31,0x0,NoEffect,1,0x0,0x0,0x0
Slaying Spear,SlayingSpearName,SlayingDesc,0x0,0x2f,0x1,IsWeapon,0x0,0x0,30,10,70,11,0,0x11,70,BRank,0x32,0x0,NoEffect,1,0x0,0x0,RightfulGodID
Toxin lance,0x36D,0x40b,0x0,0x30,0x1,IsWeapon,0x0,0x0,20,5,80,8,0,0x11,15,DRank,0x33,0x0,PoisonEffect,1,0x0,0x0,0x0
Glass Lance,GlassLanceName,GlassDesc,0x0,0x31,0x1,IsWeapon,0x0,0x0,3,13,75,10,0,0x11,200,ERank,0x34,0x0,NoEffect,5,0x0,0x0,0x0
Superior Lance,SuperiorLanceName,SuperiorLanceDesc,0x0,0x32,0x1,IsWeapon,0x0,0x0,15,13,70,12,0,0x11,140,BRank,0x35,0x0,NoEffect,1,0x0,0x0,LancebreakerID
Axereaver,0x373,0x423,0x0,0x33,0x1,IsWeapon|ReverseTriangle,0x0,0x0,15,10,70,11,5,0x11,130,CRank,0x36,0x0,NoEffect,1,0x0,0x0,0x0
Horseslayer,0x370,0x420,0x0,0x34,0x1,IsWeapon,0x0,HorseEffectiveness|IsPointer,25,9,80,12,0,0x11,65,DRank,0x37,0x0,NoEffect,1,0x0,0x0,0x0
Heavy Spear,0x378,0x428,0x0,0x35,0x1,IsWeapon,0x0,ArmorEffectiveness|IsPointer,25,9,90,4,0,0x11,75,DRank,0x38,0x0,NoEffect,1,0x0,0x0,0x0
Dragonspear,0x377,0x427,0x0,0x36,0x1,IsWeapon,0x0,DragonEffectiveness|IsPointer,30,10,80,6,5,0x11,150,DRank,0x39,0x0,NoEffect,1,0x0,0x0,0x0
Rhomphaia,RhomphaiaName,RhomphaiaDesc,0x0,0x37,0x1,IsWeapon,0x0,LordWeaponEffectiveness|FlierEffectiveness|IsPointer,15,12,75,10,0,0x11,400,ARank,0x3A,0x0,NoEffect,2,0x0,0x0,0x0
Shockstick,ShockStickName,MagWeaponDesc,0x0,0x38,0x1,IsWeapon|MagicDamage,0x0,0x0,20,11,85,10,10,0x11,60,CRank,0x3b,0x0,NoEffect,1,0x0,0x0,0x0
Miniature Lance,MiniLanceName,MiniLanceDesc,0x0,0x39,0x1,IsWeapon|IsMagic,0x0,0x0,50,3,55,3,55,0x12,13,DRank,0x3c,0x0,NoEffect,2,0x0,0x0,0x0
Guard Lance,GuardLanceName,GuardLanceDesc,0x0,0x3a,0x1,IsWeapon,GuardLance|IsPointer,0x0,30,7,75,14,0,0x11,90,DRank,0x3d,0x0,NoEffect,1,0x0,0x0,0x0
Venge Spear,VengeSpearName,VengeDesc,0x0,0x3b,0x1,IsWeapon,0x88aeec4,0x0,25,9,90,10,0,0x11,160,ARank,0x3e,0x0,NoEffect,1,0x0,0x0,FierceStanceID
Javelin,0x371,0x421,0x0,0x3c,0x1,IsWeapon,0x0,0x0,25,5,80,5,0,0x12,28,DRank,0x3f,0x0,NoEffect,1,0x0,0x0,0x0
Short Spear,0x379,0x421,0x0,0x3d,0x1,IsWeapon,0x0,0x0,25,8,75,6,0,0x12,64,CRank,0x40,0x0,NoEffect,1,0x0,0x0,0x0
Spear,0x372,0x421,0x0,0x3e,0x1,IsWeapon,0x0,0x0,25,12,70,8,5,0x12,96,BRank,0x41,0x0,NoEffect,1,0x0,0x0,0x0
Saunion,SaunionName,0x442,0x0,0x3f,0x1,IsWeapon,0x0,0x0,25,6,70,9,0,0x23,126,BRank,0x42,0x0,NoEffect,2,0x0,0x0,0x0
Merchant's Lance,MerchantsLanceName,MerchantsLanceDesc,0x0,0x40,0x1,IsWeapon|Indestructible|Unsellable|WeaponLock2,0x0,0x0,1,6,100,4,10,0x12,0,NoRank,0x43,0x0,NoEffect,3,0x0,0x0,AlertStanceID
Gae Dearg,GaeDeargName,GaeDeargDesc,0x0,0x41,0x1,IsWeapon|Unsellable|WeaponLock2,0x0,MageEffectiveness|IsPointer,60,7,85,8,5,0x11,0,NoRank,0x44,0x0,NoEffect,2,0x0,0x0,MageSlayerID
Fafnir,FafnirName,FafnirDesc,0x0,0x42,0x1,IsWeapon|Indestructible|Unsellable|WeaponLock2,0x0,0x0,20,22,65,9,20,0x11,0,NoRank,0x45,0x0,NoEffect,2,0x0,0x0,0x0
"""Vidofnir""",LegLanceName,LegLanceDesc,0x0,0x43,0x1,IsWeapon|Unsellable,SLance|IsPointer,0x0,30,15,85,11,0,0x11,0,SRank,0x46,0x0,NoEffect,1,0x0,0x0,0x0
Iron Axe,0x37A,IronDesc,0x0,0x44,0x2,IsWeapon,0x0,0x0,40,7,80,10,0,0x11,15,ERank,0x48,0x0,NoEffect,1,0x0,0x0,0x0
Steel Axe,0x37B,SteelDesc,0x0,0x45,0x2,IsWeapon,0x0,0x0,35,11,70,14,0,0x11,28,DRank,0x49,0x0,NoEffect,1,0x0,0x0,0x0
Silver Axe,0x37C,SilverDesc,0x0,0x46,0x2,IsWeapon,0x0,0x0,30,15,75,12,5,0x11,58,BRank,0x4a,0x0,NoEffect,1,0x0,0x0,0x0
Iron Poleaxe,IronPoleaxeName,IronHDesc,0x0,0x47,0x2,IsWeapon,0x0,0x0,35,12,65,16,0,0x11,21,DRank,0x4b,0x0,NoEffect,2,0x0,0x0,0x0
Steel Poleaxe,SteelPoleaxeName,SteelHDesc,0x0,0x48,0x2,IsWeapon,0x0,0x0,35,15,60,20,0,0x11,40,CRank,0x4c,0x0,NoEffect,2,0x0,0x0,0x0
Silver Poleaxe,SilverPoleaxeName,SilverHDesc,0x0,0x49,0x2,IsWeapon,0x0,0x0,25,18,60,19,0,0x11,87,ARank,0x4d,0x27,NoEffect,2,0x0,0x0,0x0
Brave Axe,0x37E,0x40d,0x0,0x4a,0x2,IsWeapon|IsBrave,0x0,0x0,30,12,70,13,0,0x11,80,ARank,0x4e,0x28,NoEffect,1,0x0,0x0,0x0
Heal,0x3c2,0x471,0x4af,0x4b,0x4,IsStaff,0x0,0x0,30,0,100,2,0,0x11,20,ERank,0xa2,0x1,NoEffect,2,0x0,0x0,0x0
Mend,0x3c3,0x472,0x4b0,0x4c,0x4,IsStaff,0x0,0x0,20,0,100,4,0,0x11,50,DRank,0xa3,0x2,NoEffect,3,0x0,0x0,0x0
Recover,0x3c4,0x473,0x4b1,0x4d,0x4,IsStaff,0x0,0x0,15,0,100,6,0,0x11,150,CRank,0xa4,0x3,NoEffect,3,0x0,0x0,0x0
Physic,0x3c5,0x474,0x4b2,0x4e,0x4,IsStaff,0x0,0x0,15,0,100,5,0,0x10,250,BRank,0xa5,0x4,NoEffect,3,0x0,0x0,0x0
Fortify,0x3c6,0x475,0x4b3,0x4f,0x4,IsStaff,0x0,0x0,8,0,100,7,0,0x10,1000,ARank,0xa6,0x5,NoEffect,5,0x0,0x0,0x0
Restore,0x3c7,0x476,0x4b4,0x50,0x4,IsStaff,0x0,0x0,10,0,100,4,0,0x11,200,CRank,0xa7,0x6,NoEffect,3,0x0,0x0,0x0
Silence,0x3c8,0x477,0x4b5,0x51,0x4,IsStaff,0x0,0x0,3,0,70,7,0,0x10,400,BRank,0xa8,0x7,NoEffect,5,0x0,"ItemStatus(SilenceStatusID,5)",0x0
Sleep,0x3c9,0x478,0x4b6,0x52,0x4,IsStaff,0x0,0x0,3,0,65,8,0,0x10,500,BRank,0xa9,0x8,NoEffect,5,0x0,"ItemStatus(SleepStatusID,5)",0x0
Berserk,0x3ca,0x479,0x4b7,0x53,0x4,IsStaff,0x0,0x0,3,0,60,8,0,0x10,600,BRank,0xaa,0x9,NoEffect,5,0x0,"ItemStatus(BerserkStatusID,5)",0x0
Warp,0x3cb,0x47a,0x4b8,0x54,0x4,IsStaff,0x0,0x0,10,0,100,5,0,0x11,1500,ARank,0xab,0xa,NoEffect,7,0x0,0x0,0x0
Rescue,0x3cc,0x47b,0x4b9,0x55,0x4,IsStaff,0x0,0x0,10,0,100,6,0,0x10,600,BRank,0xac,0xb,NoEffect,7,0x0,0x0,0x0
Torch,0x3cd,0x47c,0x4ba,0x56,0x4,IsStaff,0x0,0x0,10,0,100,5,0,0x10,100,DRank,0xad,0xc,NoEffect,5,0x0,0x0,0x0
Hammerne,0x3ce,0x47d,0x4bb,0x57,0x4,IsStaff|CannotRepair,0x0,0x0,3,0,100,7,0,0x11,600,CRank,0xae,0xd,NoEffect,8,0x0,0x0,0x0
Unlock,0x3cf,0x47e,0x4bc,0x58,0x4,IsStaff,0x0,0x0,10,0,100,7,0,0x12,150,DRank,0xaf,0xe,NoEffect,5,0x0,0x0,0x0
Barrier,0x3d0,0x47f,0x4bd,0x59,0x4,IsStaff,0x0,0x0,15,0,100,4,0,0x11,150,CRank,0xb0,0xf,NoEffect,4,0x0,0x0,0x0
ZelosMask,ZelosName,ZelosDesc,0x0,0x5a,0x9,0x0,Zelos|IsPointer,0x0,1,0,0,0,0,0x11,10000,NoRank,0xbf,0x11,NoEffect,0,0x0,0x0,0x0
Angelic Robe,0x3d4,0x483,0x4c1,0x5b,0x9,0x0,0x88aeedc,0x0,1,0,0,0,0,0x11,8000,NoRank,0xb6,0x10,NoEffect,0,0x0,0x0,0x0
Energy Ring,0x3d5,0x484,0x4c2,0x5c,0x9,0x0,0x88aeee8,0x0,1,0,0,0,0,0x11,8000,NoRank,0xb7,0x11,NoEffect,0,0x0,0x0,0x0
Secret Book,0x3d6,0x485,0x4c3,0x5d,0x9,0x0,0x88aeef4,0x0,1,0,0,0,0,0x11,8000,NoRank,0xb8,0x12,NoEffect,0,0x0,0x0,0x0
Speedwings,0x3d7,0x486,0x4c4,0x5e,0x9,0x0,0x88aef00,0x0,1,0,0,0,0,0x11,8000,NoRank,0xb9,0x13,NoEffect,0,0x0,0x0,0x0
Goddess Icon,0x3d8,0x487,0x4c5,0x5f,0x9,0x0,0x88aef0c,0x0,1,0,0,0,0,0x11,8000,NoRank,0xba,0x14,NoEffect,0,0x0,0x0,0x0
Dragonshield,0x3d9,0x488,0x4c6,0x60,0x9,0x0,0x88aef18,0x0,1,0,0,0,0,0x11,8000,NoRank,0xbb,0x15,NoEffect,0,0x0,0x0,0x0
Talisman,0x3da,0x489,0x4c7,0x61,0x9,0x0,0x88aef24,0x0,1,0,0,0,0,0x11,8000,NoRank,0xbc,0x16,NoEffect,0,0x0,0x0,0x0
Swiftsoles,0x3db,0x48a,0x4c8,0x62,0x9,0x0,0x88aef30,0x0,1,0,0,0,0,0x11,8000,NoRank,0xbd,0x17,NoEffect,0,0x0,0x0,0x0
Body Ring,0x3dc,0x48b,0x4c9,0x63,0x9,0x0,0x88aef3c,0x0,1,0,0,0,0,0x11,8000,NoRank,0xbe,0x18,NoEffect,0,0x0,0x0,0x0
Hero Crest,0x3dd,0x48c,0x4ca,0x64,0x9,0x0,0x0,0x0,1,0,0,0,0,0x11,10000,NoRank,0xc0,0x19,NoEffect,0,0x0,0x0,0x0
Knight Crest,0x3de,0x48d,0x4cb,0x65,0x9,0x0,0x0,0x0,1,0,0,0,0,0x11,10000,NoRank,0xc1,0x1a,NoEffect,0,0x0,0x0,0x0
Orion's Bolt,0x3df,0x48e,0x4cc,0x66,0x9,0x0,0x0,0x0,1,0,0,0,0,0x11,10000,NoRank,0xc2,0x1b,NoEffect,0,0x0,0x0,0x0
Elysian Whip,0x3e0,0x48f,0x4cd,0x67,0x9,0x0,0x0,0x0,1,0,0,0,0,0x11,10000,NoRank,0xc3,0x1c,NoEffect,0,0x0,0x0,0x0
Guiding Ring,0x3e1,0x490,0x4ce,0x68,0x9,0x0,0x0,0x0,1,0,0,0,0,0x11,10000,NoRank,0xc4,0x1d,NoEffect,0,0x0,0x0,0x0
Chest Key,0x3e2,0x491,0x4cf,0x69,0x9,0x0,0x0,0x0,1,0,0,0,0,0x11,300,NoRank,0xc6,0x1e,NoEffect,0,0x0,0x0,0x0
Door Key,0x3e3,0x492,0x4d0,0x6a,0x9,0x0,0x0,0x0,1,0,0,0,0,0x11,50,NoRank,0xc7,0x1f,NoEffect,0,0x0,0x0,0x0
Lockpick,0x3e4,0x493,0x4d1,0x6b,0x9,0x0,0x0,0x0,15,0,0,0,0,0x11,80,NoRank,0xc8,0x20,NoEffect,0,0x0,0x0,0x0
Vulnerary,0x3e5,0x494,0x4d2,0x6c,0x9,0x0,0x0,0x0,3,0,0,0,0,0x11,100,NoRank,0xc9,0x21,NoEffect,0,0x0,0x0,0x0
Elixir,0x3e6,0x495,0x4d3,0x6d,0x9,0x0,0x0,0x0,3,0,0,0,0,0x11,1000,NoRank,0xcB,0x22,NoEffect,0,0x0,0x0,0x0
Pure Water,0x3e7,0x496,0x4d4,0x6e,0x9,0x0,0x0,0x0,3,0,0,0,0,0x11,300,NoRank,0xcc,0x23,NoEffect,0,0x0,0x0,0x0
Antitoxin,0x3e8,0x497,0x4d5,0x6f,0x9,0x0,0x0,0x0,3,0,0,0,0,0x11,150,NoRank,0xcd,0x24,NoEffect,0,0x0,0x0,0x0
Torch,0x3e9,0x498,0x4d6,0x70,0x9,0x0,0x0,0x0,5,0,0,0,0,0x11,100,NoRank,0xce,0x25,NoEffect,0,0x0,0x0,0x0
Filli Shield,0x3ea,0x499,0x4d7,0x71,0x9,Indestructible|NegateFlyingEffectiveness,0x0,0x0,0,0,0,0,0,0x11,10000,NoRank,0xcf,0x0,NoEffect,0,0x0,0x0,0x0
Member Card,0x3eb,0x49a,0x4d8,0x72,0x9,0x0,0x0,0x0,1,0,0,0,0,0x11,6000,NoRank,0xd0,0x0,NoEffect,0,0x0,0x0,0x0
Silver Card,0x3ec,0x49b,0x4d9,0x73,0x9,0x0,0x0,0x0,1,0,0,0,0,0x11,4000,NoRank,0xd1,0x0,NoEffect,0,0x0,0x0,0x0
White Gem,0x3ef,0x49e,0x0,0x74,0x9,0x0,0x0,0x0,1,0,0,0,0,0x11,20000,NoRank,0xd2,0x0,NoEffect,0,0x0,0x0,0x0
Blue Gem,0x3f0,0x49f,0x0,0x75,0x9,0x0,0x0,0x0,1,0,0,0,0,0x11,10000,NoRank,0xd3,0x0,NoEffect,0,0x0,0x0,0x0
Red Gem,0x3f1,0x4a0,0x0,0x76,0x9,0x0,0x0,0x0,1,0,0,0,0,0x11,5000,NoRank,0xd4,0x0,NoEffect,0,0x0,0x0,0x0
Gold,0x3f2,0x4a1,0x4da,0x77,0x9,0x0,0x0,0x0,1,0,0,0,0,0x11,0,NoRank,0xd5,0x0,NoEffect,0,0x0,0x0,0x0
Killer Axe,0x37F,KillerDesc,0x0,0x78,0x2,IsWeapon,0x0,0x0,30,12,70,11,30,0x11,62,CRank,0x4f,0x0,NoEffect,1,0x0,0x0,0x0
Chest Key (5),0x3e2,0x491,0x4cf,0x79,0x9,0x0,0x0,0x0,5,0,0,0,0,0x11,300,NoRank,0xc6,0x26,NoEffect,0,0x0,0x0,0x0
Slaying Axe,SlayingAxeName,SlayingDesc,0x0,0x7a,0x2,IsWeapon,0x0,0x0,20,13,65,12,0,0x11,77,BRank,0x50,0x0,NoEffect,1,0x0,0x0,RightfulGodID
Poison Axe,0x37D,0x40b,0x0,0x7b,0x2,IsWeapon,0x0,0x0,40,6,70,11,0,0x11,15,DRank,0x51,0x0,PoisonEffect,1,0x0,0x0,0x0
Hoplon Guard,0x3f3,0x4a4,0x4dd,0x7c,0x9,Indestructible|NegateCriticals,0x0,0x0,0,0,0,0,0,0x11,5000,NoRank,0xd6,0x0,NoEffect,0,0x0,0x0,0x0
Filla's Might (DUMMY),0x403,0x4ab,0x0,0x7d,0xc,CannotRepair,0x0,0x0,15,0,0,0,0,0x11,0,NoRank,0xd7,0x29,NoEffect,0,0x0,"ItemStatus(AtkRingStatusID,1)",0x0
Ninis's Grace (DUMMY),0x403,0x4ab,0x0,0x7e,0xc,CannotRepair,0x0,0x0,15,0,0,0,0,0x11,0,NoRank,0xd8,0x2a,NoEffect,0,0x0,"ItemStatus(DefRingStatusID,1)",0x0
Thor's Ire (DUMMY),0x403,0x4ab,0x0,0x7f,0xc,CannotRepair,0x0,0x0,15,0,0,0,0,0x11,0,NoRank,0xd9,0x2b,NoEffect,0,0x0,"ItemStatus(CritRingStatusID,1)",0x0
Set's Litany (DUMMY),0x403,0x4ab,0x0,0x80,0xc,CannotRepair,0x0,0x0,15,0,0,0,0,0x11,0,NoRank,0xda,0x2c,NoEffect,0,0x0,"ItemStatus(AvoRingStatusID,1)",0x0
Glass Axe,GlassAxeName,GlassDesc,0x0,0x81,0x2,IsWeapon,0x0,0x0,3,15,75,5,5,0x11,200,ERank,0x52,0x0,NoEffect,5,0x0,0x0,0x0
Imposing Axe,ImposingAxeName,ImposingAxeDesc,0x0,0x82,0x2,IsWeapon,0x0,0x0,20,14,45,13,10,0x11,41,DRank,0x53,0x0,NoEffect,1,0x0,0x0,0x0
Devil Axe,0x382,0x432,0x0,0x83,0x2,IsWeapon,0x0,0x0,20,20,100,18,0,0x11,45,DRank,0x54,0x0,DevilEffect,8,0x0,0x0,0x0
Superior Axe,SuperiorAxeName,SuperiorAxeDesc,0x0,0x84,0x2,IsWeapon|IsMagic|Unsellable,0x0,0x0,15,15,60,13,0,0x11,143,BRank,0x55,0x0,NoEffect,1,0x0,0x0,AxebreakerID
Hammer,0x381,0x410,0x0,0x85,0x2,IsWeapon,0x0,ArmorEffectiveness|IsPointer,25,14,65,14,0,0x11,75,DRank,0x57,0x0,NoEffect,1,0x0,0x0,0x0
Dragon Axe,0x387,0x411,0x0,0x86,0x2,IsWeapon,0x0,DragonEffectiveness|IsPointer,30,10,70,8,0,0x11,150,CRank,0x58,0x0,NoEffect,1,0x0,0x0,0x0
Swordreaver,0x385,0x435,0x0,0x87,0x2,IsWeapon|ReverseTriangle,0x0,0x0,30,15,85,11,0,0x11,140,CRank,0x59,0x0,NoEffect,1,0x0,0x0,0x0
Master Seal,0x3f4,0x4a5,0x4de,0x88,0x9,0x0,0x0,0x0,1,0,0,0,0,0x11,20000,NoRank,0xc5,0x2d,NoEffect,0,0x0,0x0,0x0
Metis's Tome,0x3f5,0x4a6,0x4df,0x89,0x9,0x0,0x0,0x0,1,0,0,0,0,0x11,0,NoRank,0xd5,0x2e,NoEffect,0,0x0,0x0,0x0
Halberd,0x380,0x415,0x0,0x8a,0x2,IsWeapon,0x0,HorseEffectiveness|IsPointer,25,10,60,15,0,0x11,65,DRank,0x56,0x0,NoEffect,1,0x0,0x0,0x0
Hammer,0x381,0x410,0x0,0x8b,0x2,IsWeapon,0x0,ArmorEffectiveness|IsPointer,25,14,65,14,0,0x11,75,DRank,0x57,0x0,NoEffect,1,0x0,0x0,0x0
Latona,0x3d1,0x480,0x4be,0x8c,0x4,IsStaff|Unsellable,0x0,0x0,3,0,100,5,0,0xff,150,SRank,0xb5,0x37,NoEffect,1,0x0,0x0,0x0
Swordslayer,0x386,0x436,0x0,0x8d,0x2,IsWeapon|ReverseTriangle,0x0,SwordEffectiveness|IsPointer,20,25,95,18,0,0x11,100,BRank,0x5a,0x0,NoEffect,1,0x0,0x0,0x0
Venge Axe,VengeAxeName,VengeDesc,0x4ac,0x8e,0x2,IsWeapon,0x0,0x0,25,10,100,0,0,0x11,160,ARank,0x5b,0x0,NoEffect,1,0x0,0x0,FierceStanceID
Hand axe,0x383,HandAxeDesc,0x0,0x8f,0x2,IsWeapon,0x0,0x0,30,5,70,8,0,0x12,25,DRank,0x5c,0x0,NoEffect,1,0x0,0x0,0x0
Short Axe,ShortAxeName,ShortAxeDesc,0x0,0x90,0x2,IsWeapon,0x0,0x0,30,7,65,10,0,0x12,58,CRank,0x5d,0x0,NoEffect,1,0x0,0x0,0x0
Tomahawk,0x384,TomahawkDesc,0x0,0x91,0x2,IsWeapon,0x0,0x0,30,10,60,12,0,0x12,85,BRank,0x5e,0x0,NoEffect,2,0x0,0x0,0x0
Bolt Axe,BoltAxeName,MagWeaponDesc,0x0,0x92,0x2,IsWeapon|MagicDamage,0x0,0x0,30,14,70,12,0,0x12,64,BRank,0x5f,0x0,NoEffect,1,0x0,0x0,0x0
Vataf,VatafName,VatafDesc,0x0,0x93,0x2,IsWeapon|WeaponLock2,Vataf|IsPointer,0x0,1,1,1,1,0,0x11,1,NoRank,0x60,0x0,NoEffect,1,0x0,0x0,0x0
Kessinger,KessingerName,KessingerDesc,0x0,0x94,0x2,IsWeapon|Indestructible|Unsellable|WeaponLock2,Kessinger|IsPointer,0x0,1,1,1,1,0,0x11,1,NoRank,0x61,0x0,NoEffect,2,0x0,0x0,0x0
Ocean Seal,0x3f6,0x4a7,0x4e0,0x95,0x9,0x0,0x0,0x0,1,0,0,0,0,0x11,10000,NoRank,0x61,0x30,NoEffect,0,0x0,0x0,0x0
Lunar Brace,0x3f7,0x4a8,0x4e1,0x96,0x9,Unsellable,0x0,0x0,1,0,0,0,0,0x11,0,NoRank,0x61,0x31,NoEffect,0,0x0,0x0,0x0
Solar Brace,0x3f8,0x4a9,0x4e2,0x97,0x9,Unsellable,0x0,0x0,1,0,0,0,0,0x11,0,NoRank,0x61,0x32,NoEffect,0,0x0,0x0,0x0
Hex prf,HexPrfName,HexPrfDesc,0x4da,0x98,0x2,IsWeapon|Indestructible|Unsellable|WeaponLock2,HexPRF|IsPointer,DragonEffectiveness|IsPointer,1,1,1,1,1,0x11,1,NoRank,0x62,0x0,NoEffect,2,0x0,0x0,HexID
"""Garm""",SAxeName,SAxeDesc,0x4da,0x99,0x2,IsWeapon|Unsellable,SAxe|IsPointer,0x0,1,20,75,13,0,0x11,1,SRank,0x63,0x0,NoEffect,1,0x0,0x0,0x0
Iron Bow,0x38B,IronDesc,0x4da,0x9a,0x3,IsWeapon,0x0,FlierEffectiveness|IsPointer,40,6,85,5,0,0x22,13,ERank,0x64,0x0,NoEffect,1,0x0,0x0,0x0
Steel Bow,0x38c,SteelDesc,0x4da,0x9b,0x3,IsWeapon,0x0,FlierEffectiveness|IsPointer,35,9,80,9,0,0x22,16,DRank,0x65,0x0,NoEffect,1,0x0,0x0,0x0
Silver Bow,0x38d,SilverDesc,0x4da,0x9c,0x3,IsWeapon,0x0,FlierEffectiveness|IsPointer,30,13,75,6,0,0x22,47,BRank,0x66,0x0,NoEffect,1,0x0,0x0,0x0
Brave Bow,0x390,0x40D,0x4da,0x9d,0x3,IsWeapon|IsBrave,0x0,FlierEffectiveness|IsPointer,30,10,70,12,0,0x22,70,ARank,0x67,0x0,NoEffect,1,0x0,0x0,0x0
Killer Bow,0x38f,KillerDesc,0x4da,0x9e,0x3,IsWeapon,0x0,FlierEffectiveness|IsPointer,30,10,80,7,30,0x22,49,CRank,0x68,0x0,NoEffect,1,0x0,0x0,0x0
Slaying Bow,SlayingBowName,SlayingDesc,0x0,0x9f,0x3,IsWeapon,0x0,FlierEffectiveness|IsPointer,20,11,75,8,0,0x22,61,BRank,0x69,0x0,NoEffect,1,0x0,0x0,RightfulGodID
Poison Bow,0x38E,0x40B,0x4d2,0xa0,0x3,IsWeapon,0x0,FlierEffectiveness|IsPointer,40,5,80,5,0,0x22,100,DRank,0x6A,0x33,PoisonEffect,1,0x0,0x0,0x0
Glass Bow,GlassBowName,GlassDesc,0x4d2,0xa1,0x3,IsWeapon,0x0,FlierEffectiveness|IsPointer,3,13,75,6,0,0x22,15,ERank,0x6B,0x34,NoEffect,5,0x0,0x0,0x0
Perfect Bow,PerfectBowName,PerfectBowDesc,0x4d2,0xa2,0x3,IsWeapon,0x0,FlierEffectiveness|IsPointer,20,10,85,5,0,0x22,150,BRank,0x6C,0x35,NoEffect,2,0x0,0x0,PerfectionistID
Superior Bow,SuperiorBowName,SuperiorBowDesc,0x4bf,0xa3,0x3,IsWeapon,0x0,FlierEffectiveness|IsPointer,20,13,70,9,0,0x22,200,BRank,0x6D,0x0,NoEffect,2,0x0,0x0,BowbreakerID
Short Bow,0x391,ShortBowDesc,0x0,0xa4,0x3,IsWeapon,0x0,0x0,30,4,85,3,0,0x12,50,DRank,0x6E,0x35,NoEffect,1,0x0,0x0,0x0
Longbow,0x392,0x442,0x4ae,0xa5,0x3,IsWeapon,0x0,FlierEffectiveness|IsPointer,30,5,65,10,0,0x23,71,DRank,0x6F,0x0,NoEffect,2,0x0,0x0,0x0
Hunter's Bow,HuntingBowName,0x420,0x0,0xa6,0x3,IsWeapon,0x0,HorseEffectiveness|IsPointer,30,6,85,7,0,0x22,200,CRank,0x70,0x0,NoEffect,1,0x0,0x0,0x0
Shining Bow,ShiningBowName,MagWeaponDesc,0x0,0xa7,0x3,IsWeapon|MagicDamage,0x0,FlierEffectiveness|IsPointer,30,13,70,0,10,0x12,111,CRank,0x71,0x0,NoEffect,2,0x0,0x0,0x0
Ballista,0x393,0x443,0x4ad,0xa8,0x3,IsWeapon|Uncounterable,0x0,FlierEffectiveness|IsPointer,5,8,60,20,0,0x3a,0,CRank,0x72,0x0,NoEffect,5,0x0,0x0,WaryFighterID
Iron Ballista,0x394,0x444,0x0,0xa9,0x3,IsWeapon|Uncounterable,0x0,FlierEffectiveness|IsPointer,5,13,60,20,0,0x3f,0,CRank,0x73,0x0,NoEffect,5,0x0,0x0,WaryFighterID
Killer Ballista,0x395,KillerDesc,0x0,0xaa,0x3,IsWeapon|Uncounterable,0x0,FlierEffectiveness|IsPointer,5,12,65,20,30,0x3a,0,CRank,0x74,0x0,NoEffect,5,0x0,0x0,WaryFighterID
Training Bow,TrainingBowName,TrainingBowDesc,0x0,0xab,0x3,IsWeapon|Indestructible|Unsellable|WeaponLock2,0x0,0x0,1,5,254,5,255,0x22,0,NoRank,0x75,0x0,NoEffect,3,0x0,0x0,MercyID
Mae Prf,MaePrfName,MaePrfDesc,0x0,0xac,0x3,IsWeapon|Indestructible|Unsellable|WeaponLock2,MaePrf|IsPointer,FlierEffectiveness|IsPointer,1,1,1,1,0,0x12,0,NoRank,0x76,0x0,NoEffect,2,0x0,0x0,0x0
Roshal Bow,RoshalPrfName,RoshalPrfDesc,0x0,0xad,0x3,IsWeapon|Indestructible|Unsellable|WeaponLock2,0x0,ArmorEffectiveness|FlierEffectiveness|IsPointer,1,6,100,2,20,0x12,0,NoRank,0x77,0x0,NoEffect,2,0x0,0x0,0x0
"""Nidhogg""",SBowName,SBowDesc,0x0,0xae,0x3,IsWeapon|Indestructible|MonsterWeapon,SBow|IsPointer,FlierEffectiveness|IsPointer,30,18,80,7,0,0x22,0,SRank,0x78,0x0,NoEffect,1,0x0,0x0,0x0
Fire,0x3A9,FireDesc,0x0,0xaf,0x5,IsWeapon|IsMagic,0x0,0x0,45,6,85,7,0,0x12,12,ERank,0x79,0x0,NoEffect,1,0x0,0x0,0x0
Elfire,0x3ab,ElfireDesc,0x0,0xb0,0x5,IsWeapon|IsMagic,0x0,0x0,35,9,80,8,0,0x12,28,DRank,0x7A,0x0,NoEffect,1,0x0,0x0,0x0
Arcfire,ArcfireName,ArcfireDesc,0x0,0xb1,0x5,IsWeapon|IsMagic,0x0,0x0,30,13,75,9,0,0x12,48,BRank,0x7B,0x0,NoEffect,1,0x0,0x0,0x0
Dying Blaze,DyingBlazeName,DyingBlazeDesc,0x0,0xb2,0x5,IsWeapon|IsMagic,0x0,0x0,3,13,75,9,0,0x12,200,ERank,0x7C,0x0,NoEffect,5,0x0,0x0,0x0
Veritas,VeritasName,VeritasDesc,0x0,0xb3,0x5,IsWeapon|IsMagic|Indestructible|Unsellable|WeaponLock2|EphraimLock,Veritas|IsPointer,0x0,1,20,100,1,15,0x12,1,NoRank,0x7F,0x0,NoEffect,2,0x0,0x0,0x0
Thunder,0x3aa,ThunderDesc,0x4e3,0xb4,0x5,IsWeapon|IsMagic,0x0,0x0,40,7,75,6,0,0x12,15,ERank,0x80,0x36,NoEffect,1,0x0,0x0,0x0
DUMMY,TruthsPyreName,TruthsPyreDesc,0x0,0xb5,0x5,IsWeapon|IsMagic|Indestructible|Unsellable|WeaponLock2,TruthsPyre|IsPointer,0x0,1,5,80,5,0,0x12,1,NoRank,0xc0,0x0,NoEffect,2,0x0,0x0,QuickDrawID
Elthunder,ElthunderName,ElthunderDesc,0x4da,0xb6,0x5,IsWeapon|IsMagic,0x0,0x0,35,11,70,8,0,0x12,30,DRank,0x81,0x0,NoEffect,1,0x0,0x0,0x0
Arcthunder,ArcthunderName,ArcthunderDesc,0x4da,0xb7,0x5,IsWeapon|IsMagic,0x0,0x0,30,15,65,11,5,0x12,54,BRank,0x82,0x0,NoEffect,1,0x0,0x0,0x0
Superior Jolt,SuperiorJoltName,SuperiorJoltDesc,0x0,0xb8,0x5,IsWeapon|IsMagic,0x0,0x0,15,14,60,12,15,0x12,154,BRank,0x83,0x0,NoEffect,2,0x0,0x0,TomebreakerID
Bolting,0x3AD,0x45C,0x0,0xb9,0x5,IsWeapon|IsMagic|Uncounterable,0x0,0x0,10,100,20,20,0,0x3a,500,BRank,0x84,0x0,NoEffect,5,0x0,0x0,WaryFighterID
Black Gem,0x3ee,0x49d,0x0,0xba,0x9,0x0,0x0,0x0,1,0,0,0,0,0x11,30000,NoRank,0x0,0x0,NoEffect,0,0x0,0x0,0x0
Gold Gem,0x3ed,0x49c,0x0,0xbb,0x9,0x0,0x0,0x0,1,0,0,0,0,0x11,40000,NoRank,0x0,0x0,NoEffect,0,0x0,0x0,0x0
Skill Scroll,0xFFFF,0xFFFF,SkillScrollDesc,0xbc,0x9,0x0,0x0,0x0,1,0,0,0,0,0x11,10000,NoRank,0x0,0x38,NoEffect,0,0x0,0x0,0x0
S Tome of DEATH,STomeofDeathName,STomeofDeathDesc,0x0,0xbd,0x5,IsWeapon|IsMagic|Unsellable,STomeOfDeath|IsPointer,0x0,20,11,80,10,0,0x12,0,SRank,0x85,0x0,NoEffect,1,0x0,0x0,0x0
Wind,WindName,WindDesc,0x0,0xbe,0x5,IsWeapon,0x0,FlierEffectiveness|IsPointer,40,5,95,5,0,0x12,11,ERank,0x86,0x0,NoEffect,1,0x0,0x0,0x0
Elwind,ElwindName,ElwindDesc,0x0,0xbf,0x5,IsWeapon|IsMagic,0x0,FlierEffectiveness|IsPointer,35,8,90,6,0,0x12,26,DRank,0x87,0x0,NoEffect,1,0x0,0x0,0x0
Arcwind,ArcwindName,ArcwindDesc,0x0,0xc0,0x5,IsWeapon|IsMagic,0x0,FlierEffectiveness|IsPointer,30,11,85,7,0,0x12,44,BRank,0x88,0x0,NoEffect,1,0x0,0x0,0x0
Shaver,ShaverName,ShaverDesc,0x0,0xc1,0x5,IsWeapon|IsMagic,0x0,FlierEffectiveness|IsPointer,20,6,80,3,35,0x12,50,DRank,0x89,0x0,NoEffect,2,0x0,0x0,0x0
Echoing Gale,EchoingGaleName,EchoingGaleDesc,0x0,0xc2,0x5,IsWeapon|IsMagic,0x0,FlierEffectiveness|IsPointer,20,9,80,2,0,0x12,57,BRank,0x8A,0x0,NoEffect,1,0x0,0x0,0x0
Fimbulvetr,0x3AE,FimbulvetrDesc,0x0,0xc3,0x5,IsWeapon|IsMagic,0x0,FlierEffectiveness|IsPointer,20,13,80,12,25,0x12,95,ARank,0x8B,0x0,NoEffect,1,0x0,0x0,0x0
Excalibur,0x3AF,ExcaliburDesc,0x0,0xc4,0x5,IsWeapon|IsMagic|Indestructible|Unsellable|WeaponLock2,ExcaliburBoost|IsPointer,FlierEffectiveness|IsPointer,30,13,100,10,20,0x12,1,NoRank,0x8C,0x0,NoEffect,2,0x0,0x0,0x0
S Wind,SWindName,SWindDesc,0x0,0xc5,0x5,IsWeapon|IsMagic|Unsellable,SWind|IsPointer,FlierEffectiveness|IsPointer,1,1,1,1,1,0x12,1,SRank,0x9D,0x0,NoEffect,1,0x0,0x0,0x0
Lightning,0x3b0,LightningDesc,0x0,0xc6,0x6,IsWeapon|IsMagic,0x0,0x0,35,5,100,5,5,0x12,18,ERank,0x8E,0x0,NoEffect,1,0x0,0x0,0x0
Shine,0x3b1,ShineDesc,0x0,0xc7,0x6,IsWeapon|IsMagic,0x0,0x0,30,8,95,8,8,0x12,30,DRank,0x8F,0x0,NoEffect,1,0x0,0x0,0x0
Divine,0x3b2,DivineDesc,0x0,0xc8,0x6,IsWeapon|IsMagic,0x0,0x0,25,9,90,12,12,0x12,100,CRank,0x90,0x0,NoEffect,1,0x0,0x0,0x0
Aura,0x3b4,AuraDesc,0x0,0xc9,0x6,IsWeapon|IsMagic,0x0,0x0,20,12,85,6,15,0x12,200,ARank,0x91,0x0,NoEffect,1,0x0,0x0,0x0
Purge,0x3b3,0x462,0x0,0xca,0x6,IsWeapon|IsMagic|Uncounterable,0x0,0x0,5,10,75,20,5,0x3a,600,BRank,0x92,0x0,NoEffect,5,0x0,0x0,WaryFighterID
Artemis,ArtemisName,ArtemisDesc,0x0,0xcb,0x6,IsWeapon|IsMagic,0x0,0x0,20,4,85,6,45,0x12,50,CRank,0x93,0x0,NoEffect,1,0x0,0x0,0x0
Clarent,ClarentName,ClarentDesc,0x0,0xcc,0x6,IsWeapon|IsMagic|Unsellable|WeaponLock2,0x0,0x0,25,7,100,4,10,0x12,1,NoRank,0x94,0x0,NoEffect,2,0x0,0x0,0x0
Gawain,GawainName,GawainDesc,0x0,0xcd,0x6,IsWeapon|IsMagic|Indestructible|Unsellable|WeaponLock2|WeaponLock3,0x0,0x0,1,6,100,9,15,0x12,1,NoRank,0x95,0x0,NoEffect,2,0x0,0x0,GrislyWoundID
Ivaldi,SLightName,SLightDesc,0x0,0xce,0x6,IsWeapon|IsMagic|Unsellable,SLight|IsPointer,0x0,30,17,90,10,10,0x12,1,SRank,0x96,0x0,NoEffect,1,0x0,0x0,0x0
Flux,0x3B6,FluxDesc,0x0,0xcf,0x7,IsWeapon|IsMagic,0x0,0x0,40,5,85,8,0,0x12,13,ERank,0x97,0x0,PoisonEffect,1,0x0,0x0,0x0
Nosferatu,0x3b8,0x467,0x0,0xd0,0x7,IsWeapon|IsMagic,0x0,0x0,20,7,80,10,0,0x12,49,DRank,0x98,0x0,NosferatuEffect,1,0x0,0x0,0x0
Luna,0x3b7,0x466,0x0,0xd1,0x7,IsWeapon|IsMagic,0x0,0x0,30,0,100,12,20,0x12,140,CRank,0x99,0x0,NoEffect,1,0x0,0x0,0x0
Fenrir,0x3ba,FenrirDesc,0x0,0xd2,0x7,IsWeapon|IsMagic,0x0,0x0,20,15,75,18,0,0x12,200,ARank,0x9A,0x0,NoEffect,1,0x0,0x0,0x0
Ruin,RuinName,RuinDesc,0x0,0xd3,0x7,IsWeapon|IsMagic,0x0,0x0,20,4,80,10,50,0x12,69,CRank,0x9B,0x0,NoEffect,1,0x0,0x0,0x0
Eclipse,0x3B9,EclipseDesc,0x0,0xd4,0x7,IsWeapon|IsMagic|Uncounterable,0x0,0x0,5,255,60,12,0,0x3a,500,BRank,0x9C,0x0,EclipseEffect,5,0x0,0x0,0x0
Agravain,AgravainName,AgravainDesc,0x0,0xd5,0x7,IsWeapon|IsMagic|Indestructible|Unsellable|WeaponLock2|WeaponLock3,0x0,0x0,1,9,90,9,0,0x12,1,NoRank,0x9E,0x0,NoEffect,2,0x0,0x0,FuryID
Moralltach,MoralltachName,MoralltachDesc,0x0,0xd6,0x7,IsWeapon|IsMagic|Unsellable,SDark|IsPointer,0x0,30,23,80,20,0,0x12,1,SRank,0x9F,0x0,NoEffect,2,0x0,0x0,0x0
Naglfar,AphiDarkName,AphiDarkDesc,0x0,0xd7,0x7,IsWeapon|IsMagic|Unsellable,AphiDark|IsPointer,0x0,1,25,95,18,0,0x12,1,NoRank,0xA0,0x0,NoEffect,1,0x0,0x0,0x0
Dragonstone,0x398,DragonstoneDesc,0x0,0xd8,0xb,IsWeapon|IsMagic,Dragonstone|IsPointer,0x0,1,16,100,0,15,0x12,1,NoRank,0xA1,0x0,NoEffect,1,0x0,0x0,0x0
Absorb,AbsorbName,0x467,0x0,0xd9,0x4,IsWeapon|IsMagic,0x0,0x0,20,4,60,2,0,0x12,25,DRank,0xB1,0x0,NosferatuEffect,5,0x0,0x0,0x0
Fear,FearName,FearDesc,0x0,0xda,0x4,IsWeapon|IsMagic,0x0,0x0,20,4,60,3,0,0x12,25,CRank,0xB2,0x0,NoEffect,5,0x0,0x0,SealStrID
Slow,SlowName,SlowDesc,0x0,0xdb,0x4,IsWeapon|IsMagic,0x0,0x0,20,4,60,3,0,0x12,25,CRank,0xb3,0x0,NoEffect,5,0x0,0x0,SealSpdID
Pain,PainName,PainDesc,0x0,0xdc,0x4,IsWeapon|IsMagic,0x0,0x0,20,4,60,3,0,0x12,25,BRank,0xb4,0x0,NoEffect,5,0x0,0x0,PoisonStrikeID
TestWeapon,TestWeapon,TestWeapon,0x0,0xdd,0x2,IsWeapon|Indestructible|Unsellable|IsBrave|ReverseTriangle|NegateFlyingEffectiveness|NegateCriticals|NegateDef,TestWeaponBoost|IsPointer,0x0,46,254,254,0,254,0x11,1,ERank,0x0,0x0,NoEffect,1,0x0,0x0,ReMoveID
TestWeapon,TestWeapon,TestWeapon,0x0,0xde,0x2,IsWeapon|Indestructible|Unsellable|IsBrave|ReverseTriangle|NegateFlyingEffectiveness|NegateCriticals|NegateDef,TestWeaponBoost|IsPointer,0x0,46,254,254,0,254,0x11,1,ERank,0x0,0x0,NoEffect,1,0x0,0x0,ReMoveID
Truth's Pyre,TruthsPyreName,TruthsPyreDesc,0x0,0xdf,0x5,IsWeapon|IsMagic|Indestructible|Unsellable|WeaponLock2|EphraimLock,TruthsPyre|IsPointer,0x0,1,7,75,5,0,0x12,1,NoRank,0x7D,0x0,NoEffect,2,0x0,0x0,QuickDrawID
