0x807110,Name,Description,ID,Default Class Promoted From/To,Standing Map Anims,Move Speed,Generic Mug,N/A,HP,Atk,Skl,Spd,Def,Res,Con,Mov,HP Cap,Atk Cap,Skl Cap,Spd Cap,Def Cap,Res Cap,Con Cap,Class Relative Power,HP Growth,Atk Growth,Skl Growth,Spd Growth,Def Growth,Res Growth,Luck Growth,HP Promo Gain,Atk Promo Gain,Skl Promo Gain,Spd Promo Gain,Def Promo Gain,Res Promo Gain,CharClassAbility,Sword,Lance,Axe,Bow,Staff,Anima,Light,Dark,Battle Anims,Move Costs,Rain Move Costs,Snow Move Costs,Avo Bonus,Def Bonus,Res Bonus,Class Type
None,0x0,0x0,0x0,0x0,0x0,0x0,0x0,0x0,0,0,0,0,0,0,0,0,0,0,0,0,0,0,0,0,0,0,0,0,0,37,0,37,0,0,65,0,0,0x1000002,NoRank,NoRank,NoRank,NoRank,NoRank,NoRank,NoRank,NoRank,0x1f,0x0,0x231e143c,0x190f0f,0x0,0x0,0x0,0x0
Commander,CommanderName,CommanderDesc,0x1,0x4,0x0,0x0,0xE5,0x1,0,0,0,0,0,0,0,6,60,25,25,25,25,25,25,3,0,0,0,0,0,0,0,0,0,0,0,0,0,UnlockEirika|IsLord|SwordmasterUnlock,DRank,NoRank,NoRank,NoRank,NoRank,NoRank,NoRank,NoRank,CommanderAnim|IsPointer,CommanderMoveCost|IsPointer,CommanderMoveCost|IsPointer,CommanderMoveCost|IsPointer,0x880C479,0x880c4ba,0x880c4fb,SwordType
Tactician,TacticianName,TacticianDesc,0x2,0x5,0x1,0x0,0xE5,0x1,0,0,0,0,0,0,0,7,60,25,25,25,25,25,25,3,0,0,0,0,0,0,0,0,0,0,0,0,0,IsLord|IsFemale|UnlockEphraim,NoRank,NoRank,NoRank,NoRank,NoRank,DRank,NoRank,NoRank,TacticianAnim|IsPointer,TacticianMoveCost|IsPointer,TacticianMoveCost|IsPointer,TacticianMoveCost|IsPointer,0x880C479,0x880c4ba,0x880c4fb,DragonType|MagicType
Acolyte,AcolyteName,AcolyteDesc,0x3,0x6,0x2,0x0,0xE5,0x2,0,0,0,0,0,0,0,6,60,25,25,24,23,23,25,3,0,0,0,0,0,0,0,4,2,3,2,2,5,IsLord|IsFemale|UnlockLock3,NoRank,NoRank,NoRank,NoRank,NoRank,NoRank,DRank,DRank,AcolyteAnim|IsPointer,0x880BA10,0x880BA10,0x880BA10,0x880C479,0x880c4ba,0x880c4fb,MagicType
Chaos Bringer,ChaosBringerName,ChaosBringerDesc,0x4,0x1,0x3,0x0,0xE5,0x2,1,0,0,0,0,0,0,7,80,48,46,48,44,34,25,3,0,0,0,0,0,0,0,4,2,2,1,3,5,UnlockEirika|IsLord|SwordmasterUnlock|IsPromoted|CritBoost,CRank,NoRank,NoRank,NoRank,NoRank,NoRank,NoRank,NoRank,ChaosBringerAnim|IsPointer,CommanderMoveCost|IsPointer,CommanderMoveCost|IsPointer,CommanderMoveCost|IsPointer,0x880C479,0x880c4ba,0x880c4fb,SwordType
Truth Bringer,TruthBringerName,TruthBringerDesc,0x5,0x2,0x4,0x0,0xE5,0x20,1,0,0,0,0,0,0,8,80,40,48,46,37,44,25,3,0,0,0,0,0,0,0,0,0,0,0,0,0,IsLord|IsFemale|UnlockEphraim|IsPromoted|MountedAid|HasCanto|CritBoost,ERank,DRank,NoRank,NoRank,NoRank,NoRank,NoRank,NoRank,TruthBringerAnim|IsPointer,TruthBringerMoveCost|IsPointer,TruthBringerMoveCost|IsPointer,TruthBringerMoveCost|IsPointer,0x880C479,0x880c4ba,0x880c4fb,HorseType|DragonType|MagicType
Mage Fighter,MageFighterName,MageFighterDesc,0x6,0x3,0x4,0x0,0xE5,0x20,1,0,0,0,0,0,0,7,80,50,50,50,50,50,25,3,0,0,0,0,0,0,0,1,0,2,2,0,2,IsLord|IsFemale|UnlockLock3|IsPromoted,ERank,DRank,NoRank,NoRank,NoRank,NoRank,NoRank,NoRank,MageFighterAnim|IsPointer,TacticianMoveCost|IsPointer,TacticianMoveCost|IsPointer,TacticianMoveCost|IsPointer,0x880C479,0x880c4ba,0x880c4fb,MagicType
Mercenary,0x2c6,MercDesc,0x7,0x9,0x6,0x0,0xBC,0x21,20,7,9,8,4,1,8,5,60,25,25,25,25,25,25,3,100,60,80,65,50,10,50,2,1,1,1,2,1,0x0,DRank,NoRank,NoRank,NoRank,NoRank,NoRank,NoRank,NoRank,MercenaryMAnim|IsPointer,0x0880B849,0x0880B849,0x0880B849,0x880C479,0x880c4ba,0x880c4fb,SwordType
Mercenary (F),0x2c6,MercDesc,0x8,0xa,0x7,0x0,0xBD,0x21,20,7,9,8,4,1,8,5,60,25,25,25,25,25,25,3,100,60,80,65,50,10,50,1,1,1,2,1,2,IsFemale,DRank,NoRank,NoRank,NoRank,NoRank,NoRank,NoRank,NoRank,MercenaryFAnim|IsPointer,0x0880B849,0x0880B849,0x0880B849,0x880C479,0x880c4ba,0x880c4fb,SwordType
Hero,0x2c7,HeroDesc,0x9,0x7,0x8,0x0,0xBE,0xc,43,21,28,23,17,5,10,6,80,20,20,20,20,20,20,3,100,80,90,80,60,20,50,0,0,0,0,0,0,IsPromoted,CRank,NoRank,ERank,NoRank,NoRank,NoRank,NoRank,NoRank,HeroMAnim|IsPointer,CommanderMoveCost|IsPointer,CommanderMoveCost|IsPointer,CommanderMoveCost|IsPointer,0x880C479,0x880c4ba,0x880c4fb,SwordType
Hero (F),0x2c7,HeroDesc,0xa,0x8,0x9,0x0,0xBF,0xc,43,21,28,23,17,5,10,6,80,20,20,20,20,20,20,3,100,80,90,80,60,20,50,2,1,1,1,2,0,IsPromoted|IsFemale,CRank,NoRank,ERank,NoRank,NoRank,NoRank,NoRank,NoRank,HeroFAnim|IsPointer,CommanderMoveCost|IsPointer,CommanderMoveCost|IsPointer,CommanderMoveCost|IsPointer,0x880C479,0x880c4ba,0x880c4fb,SwordType
Fighter,0x2dc,FighterDesc,0xb,0xd,0xa,0x0,0xC0,0xd,24,10,7,6,4,1,12,5,60,25,25,25,25,25,25,3,130,75,60,50,55,15,40,4,2,2,3,2,3,0x0,NoRank,NoRank,DRank,NoRank,NoRank,NoRank,NoRank,NoRank,FighterMAnim|IsPointer,0x0880B849,0x0880B849,0x0880B849,0x880C479,0x880c4ba,0x880c4fb,0x0
Fighter (F),0x2dc,FighterDesc,0xc,0xe,0xb,0x0,0xC0,0xd,24,10,7,6,4,1,12,5,60,25,25,25,25,25,25,3,130,75,60,50,55,15,40,3,2,3,2,3,3,IsFemale,NoRank,NoRank,DRank,NoRank,NoRank,NoRank,NoRank,NoRank,FighterFAnim|IsPointer,0x0880B849,0x0880B849,0x0880B849,0x880C479,0x880c4ba,0x880c4fb,0x0
Warrior,0x2dd,WarriorDesc,0xd,0xb,0xc,0x0,0xC1,0x7,56,28,20,17,14,3,15,6,80,20,20,20,20,20,20,2,130,110,75,70,50,20,40,0,0,0,0,0,0,IsPromoted,NoRank,NoRank,CRank,ERank,NoRank,NoRank,NoRank,NoRank,WarriorMAnim|IsPointer,CommanderMoveCost|IsPointer,CommanderMoveCost|IsPointer,CommanderMoveCost|IsPointer,0x880C479,0x880c4ba,0x880c4fb,0x0
Warrior (F),0x2dd,WarriorDesc,0xe,0xc,0xd,0x0,0xC1,0x1f,56,28,20,17,14,3,15,6,80,20,20,20,20,20,20,2,130,110,75,70,50,20,40,0,0,0,0,0,0,IsPromoted|IsFemale,NoRank,NoRank,CRank,ERank,NoRank,NoRank,NoRank,NoRank,WarriorFAnim|IsPointer,CommanderMoveCost|IsPointer,CommanderMoveCost|IsPointer,CommanderMoveCost|IsPointer,0x880C479,0x880c4ba,0x880c4fb,0x0
Soldier,0x2ed,SoldierDesc,0xf,0x12,0xe,0x0,0xC2,0x3,22,8,8,7,6,2,10,5,60,25,25,25,25,25,25,3,115,60,75,50,55,15,35,0,0,0,0,0,0,0x0,NoRank,DRank,NoRank,NoRank,NoRank,NoRank,NoRank,NoRank,SoldierMAnim|IsPointer,0x880b849,0x880bc9a,0x880c0aa,0x880C479,0x880c4ba,0x880c4fb,0x0
Soldier (F),0x2ed,SoldierDesc,0x10,0x13,0xf,0x0,0xC2,0x3,22,8,8,7,6,2,10,5,60,25,25,25,25,25,25,3,115,60,75,50,55,15,35,0,0,0,0,0,0,IsFemale,NoRank,DRank,NoRank,NoRank,NoRank,NoRank,NoRank,NoRank,SoldierFAnim|IsPointer,0x880b849,0x880bc9a,0x880c0aa,0x880C479,0x880c4ba,0x880c4fb,0x0
Soldier (D),0x2ed,SoldierDesc,0x11,0x12,0x10,0x0,0xC2,0x4,22,8,8,7,6,2,10,5,60,25,25,25,25,25,25,3,115,60,75,50,55,15,35,4,1,2,2,2,2,0x0,NoRank,DRank,NoRank,NoRank,NoRank,NoRank,NoRank,NoRank,LancerAnim|IsPointer,0x880b808,0x880bc59,0x880c069,0x880C479,0x880c4ba,0x880c4fb,0x0
Halberdier,HalberdierName,HalberdierDesc,0x12,0xf,0x11,0x0,0xC3,0x4,48,23,26,18,19,5,13,6,80,24,30,26,24,24,25,3,115,80,90,75,70,30,35,0,0,0,0,0,0,IsPromoted|SwordmasterUnlock|CritBoost,NoRank,CRank,NoRank,NoRank,NoRank,NoRank,NoRank,NoRank,HalberdierMAnim|IsPointer,CommanderMoveCost|IsPointer,CommanderMoveCost|IsPointer,CommanderMoveCost|IsPointer,0x880C479,0x880c4ba,0x880c4fb,0x0
Halberdier (F),HalberdierName,HalberdierDesc,0x13,0x10,0x12,0x0,0xC3,0x5,48,23,26,18,19,5,13,6,80,20,20,20,20,20,20,3,115,80,90,75,70,30,35,0,0,0,0,0,0,IsPromoted|SwordmasterUnlock|IsFemale|CritBoost,NoRank,CRank,NoRank,NoRank,NoRank,NoRank,NoRank,NoRank,HalberdierFAnim|IsPointer,CommanderMoveCost|IsPointer,CommanderMoveCost|IsPointer,CommanderMoveCost|IsPointer,0x880C479,0x880c4ba,0x880c4fb,0x0
Archer,0x2cb,ArcherDesc,0x14,0x17,0x13,0x0,0xC4,0x5,21,8,10,6,5,3,9,5,60,25,25,25,25,25,25,3,110,70,90,55,55,25,45,0,0,0,0,0,0,UseBallista,NoRank,NoRank,NoRank,DRank,NoRank,NoRank,NoRank,NoRank,ArcherMAnim|IsPointer,ArcherMoveCost|IsPointer,ArcherMoveCost|IsPointer,ArcherMoveCost|IsPointer,0x880C479,0x880c4ba,0x880c4fb,0x0
Archer (F),0x2cb,ArcherDesc,0x15,0x18,0x14,0x0,0xC5,0x6,21,8,10,6,5,3,9,5,60,25,25,25,25,25,25,3,110,70,90,55,55,25,45,5,2,0,0,2,1,UseBallista|IsFemale,NoRank,NoRank,NoRank,DRank,NoRank,NoRank,NoRank,NoRank,ArcherFAnim|IsPointer,ArcherMoveCost|IsPointer,ArcherMoveCost|IsPointer,ArcherMoveCost|IsPointer,0x880C479,0x880c4ba,0x880c4fb,0x0
Sniper,0x2cc,SniperDesc,0x16,0x14,0x15,0x0,0xC6,0x8,35,25,28,19,18,9,11,6,80,48,50,45,45,38,20,3,110,90,120,65,70,50,45,3,1,0,0,2,2,CritBoost|UseBallista|IsPromoted|SwordmasterUnlock,NoRank,NoRank,NoRank,CRank,NoRank,NoRank,NoRank,NoRank,SniperMAnim|IsPointer,ArcherMoveCost|IsPointer,ArcherMoveCost|IsPointer,ArcherMoveCost|IsPointer,0x880C479,0x880c4ba,0x880c4fb,0x0
Sniper (F),0x2cc,SniperDesc,0x17,0x15,0x16,0x0,0xC7,0x8,35,25,28,19,18,9,11,6,80,48,50,45,45,38,20,3,110,90,120,65,70,50,45,2,1,1,1,2,1,CritBoost|UseBallista|IsPromoted|SwordmasterUnlock|IsFemale,NoRank,NoRank,NoRank,CRank,NoRank,NoRank,NoRank,NoRank,SniperFAnim|IsPointer,ArcherMoveCost|IsPointer,ArcherMoveCost|IsPointer,ArcherMoveCost|IsPointer,0x880C479,0x880c4ba,0x880c4fb,0x0
Knight (L),0x2c3,KnightDesc,0x18,0x1c,0x17,0x1,0xC9,0xa,23,9,8,2,10,1,14,4,60,25,25,25,25,25,25,3,125,70,70,20,100,5,35,0,0,0,0,0,0,0x0,NoRank,DRank,NoRank,NoRank,NoRank,NoRank,NoRank,NoRank,KnightAnim|IsPointer,0x880B88A,0x880B88A,0x880B88A,0x880C479,0x880c4ba,0x880c4fb,ArmorType
Knight (A),0x2c3,KnightDesc,0x19,0x1d,0x18,0x1,0xCA,0xb,23,9,8,2,10,1,14,4,60,25,25,25,25,25,25,3,125,70,70,20,100,5,35,3,1,2,2,2,3,0x0,NoRank,NoRank,DRank,NoRank,NoRank,NoRank,NoRank,NoRank,KnightAnim|IsPointer,0x880B88A,0x880B88A,0x880B88A,0x880C479,0x880c4ba,0x880c4fb,ArmorType
General,0x2c4,GeneralDesc,0x1a,0x1a,0x19,0x1,0xCB,0xb,51,25,25,6,29,2,17,6,80,24,30,29,24,24,20,3,125,90,85,30,110,5,35,4,3,1,1,2,2,IsPromoted,CRank,CRank,CRank,DRank,NoRank,NoRank,NoRank,NoRank,GeneralAnim|IsPointer,0x880B88A,0x880B88A,0x880B88A,0x880C479,0x880c4ba,0x880c4fb,ArmorType
Greatknight,0x2e0,GreatKnightDesc,0x1b,0x1b,0x1a,0x1,0xCC,0xc,44,22,19,10,21,3,15,7,80,25,28,30,24,23,25,3,110,90,95,50,105,10,35,3,2,1,1,3,3,MountedAid|HasCanto|IsPromoted|HorseIcon,DRank,DRank,DRank,NoRank,NoRank,NoRank,NoRank,NoRank,GreatknightAnim|IsPointer,0x880BAD3,0x880BAD3,0x880BAD3,0x880C479,0x880c4ba,0x880c4fb,HorseType|ArmorType
Cavalier,0x2c1,CavalierDesc,0x1c,0x20,0x1b,0x0,0xCD,0xc,20,7,7,6,4,2,9,7,60,25,25,25,25,25,25,3,90,60,60,50,35,20,30,2,2,2,1,3,3,MountedAid|HasCanto|HorseIcon,DRank,DRank,NoRank,NoRank,NoRank,NoRank,NoRank,NoRank,CavalierMAnim|IsPointer,0x880BA92,0x880BA92,0x880BA92,0x880C479,0x880c4ba,0x880c4fb,HorseType
Cavalier (F),0x2c1,CavalierDesc,0x1d,0x21,0x1c,0x0,0xCE,0xd,20,7,7,6,4,2,9,7,60,25,25,25,25,25,25,3,90,60,60,50,35,20,30,0,0,0,0,0,0,MountedAid|HasCanto|HorseIcon|IsFemale,DRank,DRank,NoRank,NoRank,NoRank,NoRank,NoRank,NoRank,CavalierFAnim|IsPointer,0x880BA92,0x880BA92,0x880BA92,0x880C479,0x880c4ba,0x880c4fb,HorseType
Paladin,0x2c2,PaladinDesc,0x1e,0x1e,0x1d,0x0,0xCF,0xd,40,21,21,18,13,8,11,8,80,20,20,20,20,20,25,3,90,75,70,65,50,40,30,0,0,0,0,0,0,MountedAid|HasCanto|IsPromoted|HorseIcon,CRank,CRank,NoRank,NoRank,NoRank,NoRank,NoRank,NoRank,PaladinMAnim|IsPointer,0x880BAD3,0x880BAD3,0x880BAD3,0x880C479,0x880c4ba,0x880c4fb,HorseType
Paladin (F),0x2c2,PaladinDesc,0x1f,0x1f,0x1e,0x0,0xD0,0xe,40,21,21,18,13,8,11,8,80,27,25,23,28,22,25,3,90,75,70,65,50,40,30,4,2,2,0,2,0,MountedAid|HasCanto|IsPromoted|HorseIcon|IsFemale,CRank,CRank,NoRank,NoRank,NoRank,NoRank,NoRank,NoRank,PaladinFAnim|IsPointer,0x880BAD3,0x880BAD3,0x880BAD3,0x880C479,0x880c4ba,0x880c4fb,HorseType
Blade Cavalier,BladeCavalierName,BladeCavalierDesc,0x20,0x1d,0x1f,0x0,0xD1,0xe,21,8,6,5,5,1,10,7,60,25,25,25,25,25,25,3,100,65,55,45,40,15,30,0,0,0,0,0,0,MountedAid|HasCanto|HorseIcon,DRank,NoRank,DRank,NoRank,NoRank,NoRank,NoRank,NoRank,CavalierMAnim|IsPointer,0x880BA92,0x880BA92,0x880BA92,0x880C479,0x880c4ba,0x880c4fb,HorseType
Blade Cavalier (F),BladeCavalierName,BladeCavalierDesc,0x21,0x25,0x20,0x0,0xD2,0xf,21,8,6,5,5,1,10,7,60,25,25,25,25,25,25,3,100,65,55,45,40,15,30,3,1,2,3,0,1,MountedAid|HasCanto|HorseIcon|IsFemale,DRank,NoRank,DRank,NoRank,NoRank,NoRank,NoRank,NoRank,CavalierFAnim|IsPointer,0x880BA92,0x880BA92,0x880BA92,0x880C479,0x880c4ba,0x880c4fb,HorseType
Blade Paladin,BladePaladinName,PaladinDesc,0x22,0x20,0x21,0x0,0xD3,0xf,44,23,19,16,15,5,12,8,80,47,44,42,41,43,25,3,100,85,60,55,60,30,30,3,2,1,2,1,1,MountedAid|HasCanto|IsPromoted|HorseIcon,CRank,NoRank,CRank,NoRank,NoRank,NoRank,NoRank,NoRank,BladePaladinMAnim|IsPointer,0x880BAD3,0x880BAD3,0x880BAD3,0x880C479,0x880c4ba,0x880c4fb,HorseType
Blade Paladin (F),BladePaladinName,PaladinDesc,0x23,0x23,0x22,0x0,0xD4,0x12,44,23,19,16,15,5,12,8,80,47,44,42,41,43,20,3,100,85,60,55,60,30,30,1,0,1,2,1,2,MountedAid|HasCanto|IsPromoted|HorseIcon|IsFemale,CRank,NoRank,CRank,NoRank,NoRank,NoRank,NoRank,NoRank,BladePaladinFAnim|IsPointer,0x880BAD3,0x880BAD3,0x880BAD3,0x880C479,0x880c4ba,0x880c4fb,HorseType
Bow Cavalier,BowCavalierName,BowCavalierDesc,0x24,0x28,0x23,0x0,0xD5,0x12,19,6,8,7,3,3,8,7,60,25,25,25,25,25,25,3,80,55,65,65,30,25,30,0,0,0,0,0,0,MountedAid|HasCanto|HorseIcon,DRank,NoRank,NoRank,DRank,NoRank,NoRank,NoRank,NoRank,CavalierMAnim|IsPointer,0x880BA92,0x880BA92,0x880BA92,0x880C479,0x880c4ba,0x880c4fb,HorseType
Bow Cavalier (F),BowCavalierName,BowCavalierDesc,0x25,0x2d,0x24,0x0,0xD6,0x13,19,6,8,7,3,3,8,7,60,25,25,25,25,25,25,3,80,55,65,65,30,25,30,4,1,0,0,3,3,MountedAid|HasCanto|HorseIcon|IsFemale,DRank,NoRank,NoRank,DRank,NoRank,NoRank,NoRank,NoRank,CavalierFAnim|IsPointer,0x880BA92,0x880BA92,0x880BA92,0x880C479,0x880c4ba,0x880c4fb,HorseType
Ranger,0x2cd,RangerDesc,0x26,0x26,0x25,0x0,0xD7,0x13,50,16,17,23,5,12,9,8,80,30,28,26,21,25,20,3,80,55,65,65,30,25,30,3,1,1,0,3,3,MountedAid|HasCanto|IsPromoted|HorseIcon,DRank,NoRank,NoRank,CRank,NoRank,NoRank,NoRank,NoRank,RangerMAnim|IsPointer,0x880BAD3,0x880BAD3,0x880BAD3,0x880C479,0x880c4ba,0x880c4fb,HorseType
Ranger (F),0x2cd,RangerDesc,0x27,0x40,0x26,0x0,0xD8,0x14,50,16,17,23,5,12,9,8,80,24,26,25,24,25,25,3,80,55,65,65,30,25,30,4,2,0,0,2,2,MountedAid|HasCanto|IsPromoted|HorseIcon|IsFemale,DRank,NoRank,NoRank,CRank,NoRank,NoRank,NoRank,NoRank,RangerFAnim|IsPointer,0x880BAD3,0x880BAD3,0x880BAD3,0x880C479,0x880c4ba,0x880c4fb,HorseType
Pegasus Knight (A),0x2e7,PegasusKnightDesc,0x28,0x31,0x27,0x0,0xD9,0x14,19,6,7,10,2,5,6,7,60,25,25,25,25,25,25,3,90,50,60,80,20,60,50,3,2,1,0,2,2,MountedAid|HasCanto|PegIcon,NoRank,DRank,NoRank,NoRank,NoRank,NoRank,NoRank,NoRank,PegasusKnightAnim|IsPointer,0x880BB96,0x880BB96,0x880BB96,0x880c53c,0x880C57D,0x880C5BE,HorseType|FlierType
Pegasus Knight (C),0x2e7,PegasusKnightDesc,0x29,0x2c,0x27,0x0,0xD9,0x18,19,6,7,10,2,5,6,7,60,25,25,25,25,25,25,3,90,50,60,80,20,60,50,3,2,1,0,3,2,MountedAid|HasCanto|PegIcon,NoRank,DRank,NoRank,NoRank,NoRank,NoRank,NoRank,NoRank,PegasusKnightAnim|IsPointer,0x880BB96,0x880BB96,0x880BB96,0x880c53c,0x880C57D,0x880C5BE,HorseType|FlierType
Falcoknight,0x2e8,FalcoKnightDesc,0x2a,0x2b,0x28,0x0,0xDA,0x18,37,16,19,25,6,17,8,8,80,25,25,26,21,30,20,3,90,50,60,80,20,60,50,3,1,2,1,2,2,IsPromoted|MountedAid|HasCanto|PegIcon,DRank,CRank,NoRank,NoRank,ERank,NoRank,NoRank,NoRank,FalcoKnightAnim|IsPointer,0x880BB96,0x880BB96,0x880BB96,0x880c53c,0x880C57D,0x880C5BE,HorseType|FlierType
Falcoknight (E),0x2e8,FalcoKnightDesc2,0x2b,0x2f,0x29,0x0,0xDA,0x1b,37,16,19,25,6,17,8,8,80,20,20,20,20,20,20,3,90,50,60,80,20,60,50,1,2,0,1,1,2,IsPromoted|MountedAid|HasCanto|PegIcon,DRank,NoRank,NoRank,CRank,ERank,NoRank,NoRank,NoRank,FalcoKnightAnim|IsPointer,0x880BB96,0x880BB96,0x880BB96,0x880c53c,0x880C57D,0x880C5BE,HorseType|FlierType
Wyvern Rider,0x2ce,WyvernRiderDesc,0x2c,0x30,0x2a,0x0,0xDB,0x1b,21,9,6,7,7,1,9,7,60,25,25,25,25,25,25,3,95,75,50,50,60,5,40,0,0,0,0,0,0,MountedAid|HasCanto|DragonIcon,NoRank,NoRank,DRank,NoRank,NoRank,NoRank,NoRank,NoRank,WyvernRiderMAnim|IsPointer,0x880BB96,0x880BB96,0x880BB96,0x880c53c,0x880C57D,0x880C5BE,DragonType|FlierType
Wyvern Rider (F),0x2ce,WyvernRiderDesc,0x2d,0x33,0x2b,0x0,0xDC,0x1c,21,9,6,7,7,1,9,7,60,25,25,25,25,25,25,3,95,75,50,50,60,5,40,4,0,0,3,2,2,MountedAid|HasCanto|DragonIcon|IsFemale,NoRank,DRank,NoRank,NoRank,NoRank,NoRank,NoRank,NoRank,WyvernRiderFAnim|IsPointer,0x880BB96,0x880BB96,0x880BB96,0x880c53c,0x880C57D,0x880C5BE,DragonType|FlierType
Wyvern Lord,0x2cf,WyvernLordDesc,0x2e,0x2e,0x2c,0x0,0xDD,0x1c,40,24,16,17,19,2,12,8,80,25,25,25,25,25,25,3,95,75,50,50,60,5,40,0,0,0,0,0,0,MountedAid|HasCanto|DragonIcon|IsPromoted,DRank,NoRank,CRank,NoRank,NoRank,NoRank,NoRank,NoRank,WyvernLordAnim|IsPointer,0x880BB96,0x880BB96,0x880BB96,0x880c53c,0x880C57D,0x880C5BE,DragonType|FlierType
Wyvern Lord (F),0x2cf,WyvernLordDesc3,0x2f,0x2f,0x2d,0x0,0xDE,0x1d,40,24,16,17,19,2,12,8,80,27,27,26,20,28,20,3,95,75,50,50,60,5,40,3,0,1,3,1,3,MountedAid|HasCanto|DragonIcon|IsFemale|IsPromoted,DRank,CRank,NoRank,NoRank,NoRank,NoRank,NoRank,NoRank,WyvernLordAnim|IsPointer,0x880BB96,0x880BB96,0x880BB96,0x880c53c,0x880C57D,0x880C5BE,DragonType|FlierType
MaligKnight,MaligKnightName,MaligKnightDesc,0x30,0x2f,0x2e,0x0,0xDF,0x9,38,20,16,16,17,9,11,8,80,20,30,30,20,20,20,3,95,75,50,50,60,5,40,2,1,1,0,2,2,MountedAid|HasCanto|DragonIcon|IsFemale|IsPromoted,NoRank,CRank,NoRank,NoRank,NoRank,DRank,NoRank,NoRank,MaligKnightAnim|IsPointer,0x880BB96,0x880BB96,0x880BB96,0x880c53c,0x880C57D,0x880C5BE,DragonType|FlierType
Myrmidon,0x2c8,MyrmidonDesc,0x31,0x38,0x2f,0x0,0xE0,0x0,23,7,8,10,3,3,7,5,60,25,25,25,25,25,25,3,120,50,70,90,30,30,40,0,0,0,0,0,0,SwordmasterUnlock,DRank,NoRank,NoRank,NoRank,NoRank,NoRank,NoRank,NoRank,MyrmidonMAnim|IsPointer,0x0880B849,0x0880B849,0x0880B849,0x880c479,0x880c4ba,0x880c4fb,SwordType
Myrmidon (F),0x2c8,MyrmidonDesc,0x32,0x9,0x30,0x0,0xE1,0x22,23,7,8,10,3,3,7,5,60,25,25,25,25,25,25,3,120,50,70,90,30,30,40,3,2,1,2,2,1,SwordmasterUnlock|IsFemale,DRank,NoRank,NoRank,NoRank,NoRank,NoRank,NoRank,NoRank,MyrmidonFAnim|IsPointer,0x0880B849,0x0880B849,0x0880B849,0x880C479,0x880c4ba,0x880c4fb,SwordType
Swordmaster,0x2c9,SwordmasterDesc,0x33,0x34,0x31,0x0,0xE2,0x22,35,17,22,25,9,9,8,6,80,26,26,25,28,26,25,3,120,50,70,90,30,30,40,3,1,1,2,2,2,IsPromoted|SwordmasterUnlock|CritBoost,CRank,NoRank,NoRank,NoRank,NoRank,NoRank,NoRank,NoRank,SwordmasterMAnim|IsPointer,CommanderMoveCost|IsPointer,CommanderMoveCost|IsPointer,CommanderMoveCost|IsPointer,0x880C479,0x880c4ba,0x880c4fb,SwordType
Swordmaster (F),0x2c9,SwordmasterDesc,0x34,0x35,0x32,0x0,0xE3,0x28,35,17,22,25,9,9,8,6,80,20,20,20,20,20,20,3,120,50,70,90,30,30,40,2,1,1,1,2,1,IsPromoted|IsFemale|SwordmasterUnlock|CritBoost,CRank,NoRank,NoRank,NoRank,NoRank,NoRank,NoRank,NoRank,SwordmasterFAnim|IsPointer,CommanderMoveCost|IsPointer,CommanderMoveCost|IsPointer,CommanderMoveCost|IsPointer,0x880C479,0x880c4ba,0x880c4fb,SwordType
Dreadfighter,DreadFighterName,DreadFighterDesc,0x35,0x34,0x33,0x0,0xE4,0x27,42,16,17,22,10,20,10,7,80,26,29,28,23,23,20,3,120,50,70,90,30,30,40,4,1,2,2,2,2,IsPromoted|SwordmasterUnlock|CritBoost,CRank,NoRank,NoRank,NoRank,NoRank,DRank,NoRank,NoRank,DreadfighterAnim|IsPointer,0x880ba10,0x880be61,0x880c271,0x880C479,0x880c4ba,0x880c4fb,SwordType
Brigand,0x2de,BrigandDesc,0x36,0x3d,0x34,0x0,0xE5,0x28,26,9,4,7,2,0,13,5,60,25,25,25,25,25,25,3,150,65,45,65,35,5,25,2,2,1,1,2,1,0x0,NoRank,NoRank,DRank,NoRank,NoRank,NoRank,NoRank,NoRank,BrigandAnim|IsPointer,0x880B94D,0x880B94D,0x880B94D,0x880C479,0x880c4ba,0x880c4fb,BanditType
Pirate,0x2ee,PirateDesc,0x37,0x1f,0x35,0x0,0xE6,0x1f,22,8,6,8,2,0,11,5,60,25,25,25,25,25,25,3,115,55,60,75,30,10,25,0,0,0,0,0,0,0x0,NoRank,NoRank,DRank,NoRank,NoRank,NoRank,NoRank,NoRank,PirateMAnim|IsPointer,0x880B98E,0x880B98E,0x880B98E,0x880C479,0x880c4ba,0x880c4fb,BanditType
Pirate (F),0x2ee,PirateDesc,0x38,0x3e,0x36,0x0,0xE6,0x1f,22,8,6,8,2,0,11,5,60,25,25,25,25,25,25,2,115,55,60,75,30,10,25,0,0,0,0,0,0,0x0,NoRank,NoRank,DRank,NoRank,NoRank,NoRank,NoRank,NoRank,PirateFAnim|IsPointer,0x880B98E,0x880B98E,0x880B98E,0x880C479,0x880c4ba,0x880c4fb,BanditType
Berserker,0x2df,BerserkerDesc,0x39,0x3a,0x37,0x0,0xE7,0x27,52,22,13,20,9,1,14,6,80,20,20,20,20,20,20,1,115,55,60,75,30,10,25,0,0,0,0,0,0,IsPromoted|CritBoost,NoRank,NoRank,CRank,NoRank,NoRank,NoRank,NoRank,NoRank,BerserkerMAnim|IsPointer,0x880B90C,0x880B90C,0x880B90C,0x880C479,0x880c4ba,0x880c4fb,BanditType
Berserker (F),0x2df,BerserkerDesc,0x3a,0x3c,0x38,0x0,0xE7,0x29,52,22,13,20,9,1,14,6,80,20,20,20,20,20,20,1,115,55,60,75,30,10,25,0,0,0,0,0,0,IsPromoted|CritBoost|IsFemale,NoRank,NoRank,CRank,NoRank,NoRank,NoRank,NoRank,NoRank,BerserkerFAnim|IsPointer,0x880B90C,0x880B90C,0x880B90C,0x880C479,0x880c4ba,0x880c4fb,BanditType
Hunter,HunterName,HunterDesc,0x3b,0x40,0x39,0x0,0xE8,0x23,24,6,7,9,2,4,6,6,60,25,25,25,25,25,25,3,130,50,50,70,15,40,25,2,2,1,0,0,1,0x0,NoRank,NoRank,NoRank,DRank,NoRank,NoRank,NoRank,NoRank,HunterMAnim|IsPointer,ArcherMoveCost|IsPointer,ArcherMoveCost|IsPointer,ArcherMoveCost|IsPointer,0x880C479,0x880c4ba,0x880c4fb,BanditType
Hunter (F),HunterName,HunterDesc,0x3c,0x3f,0x3a,0x0,0xE9,0x25,24,6,7,9,2,4,6,6,60,25,25,25,25,25,25,3,130,50,50,70,15,40,25,3,1,2,0,3,3,IsFemale,NoRank,NoRank,NoRank,DRank,NoRank,NoRank,NoRank,NoRank,HunterFAnim|IsPointer,ArcherMoveCost|IsPointer,ArcherMoveCost|IsPointer,ArcherMoveCost|IsPointer,0x880C479,0x880c4ba,0x880c4fb,BanditType
Deserter,DeserterName,DeserterDesc,0x3d,0x0,0x3b,0x0,0xEA,0x0,25,8,7,8,4,0,11,5,60,25,25,25,25,25,25,3,140,60,50,55,40,10,25,2,1,1,0,1,1,0x0,NoRank,DRank,NoRank,NoRank,NoRank,NoRank,NoRank,NoRank,DeserterAnim|IsPointer,0x0880B849,0x0880B849,0x0880B849,0x880C479,0x880c4ba,0x880c4fb,BanditType
Thief,0x2c5,ThiefDesc,0x3e,0x43,0x3c,0x0,0xEB,0x24,18,6,5,10,2,2,5,6,60,25,25,25,25,25,25,3,90,50,35,85,20,20,90,2,2,0,1,1,0,Steal|CanUseLockpick,ERank,NoRank,NoRank,NoRank,NoRank,NoRank,NoRank,NoRank,ThiefMAnim|IsPointer,0x880B9CF,0x880B9CF,0x880B9CF,0x880C479,0x880c4ba,0x880c4fb,SwordType
Thief (F),0x2c5,ThiefDesc,0x3f,0x43,0x3d,0x0,0xEB,0x24,18,6,5,10,2,2,5,6,60,25,25,25,25,25,25,3,90,50,35,85,20,20,90,2,2,0,1,1,0,Steal|CanUseLockpick,ERank,NoRank,NoRank,NoRank,NoRank,NoRank,NoRank,NoRank,ThiefFAnim|IsPointer,0x880B9CF,0x880B9CF,0x880B9CF,0x880C479,0x880c4ba,0x880c4fb,SwordType
Assassin,0x2ca,AssassinDesc,0x40,0x42,0x3e,0x0,0xEC,0x26,38,19,25,24,7,7,7,6,80,30,29,28,23,21,25,3,90,50,35,85,20,20,90,4,1,1,1,2,2,Steal|CanUseLockpick|IsPromoted|SwordmasterUnlock|Lethality,CRank,NoRank,NoRank,DRank,NoRank,NoRank,NoRank,NoRank,AssassinAnim|IsPointer,0x880B9CF,0x880B9CF,0x880B9CF,0x880C479,0x880c4ba,0x880c4fb,SwordType
Adventurer,AdventurerName,AdventurerDesc,0x41,0x42,0x3f,0x0,0xED,0x17,36,16,12,25,6,6,6,7,80,20,20,20,20,20,20,3,90,50,35,85,20,20,90,0,0,0,0,0,0,Steal|CanUseLockpick|IsPromoted,DRank,NoRank,NoRank,NoRank,ERank,NoRank,NoRank,NoRank,AdventurerAnim|IsPointer,0x880B9CF,0x880B9CF,0x880B9CF,0x880C479,0x880c4ba,0x880c4fb,SwordType
Mage,0x2d1,MageDesc,0x42,0x49,0x40,0x0,0xEE,0x0,21,0,8,7,2,4,6,5,60,25,25,25,25,25,25,2,100,20,70,55,20,30,40,0,0,0,0,0,0,0x0,NoRank,NoRank,NoRank,NoRank,NoRank,DRank,NoRank,NoRank,MageMAnim|IsPointer,0x880BA10,0x880BA10,0x880BA10,0x880C479,0x880c4ba,0x880c4fb,MagicType
Mage (F),0x2d1,MageDesc,0x43,0x4c,0x41,0x0,0xEF,0x28,21,0,8,7,2,4,6,5,60,25,25,25,25,25,25,1,100,20,70,55,20,30,40,0,0,0,0,0,0,0x0,NoRank,NoRank,NoRank,NoRank,NoRank,DRank,NoRank,NoRank,MageFAnim|IsPointer,0x880BA10,0x880BA10,0x880BA10,0x880C479,0x880c4ba,0x880c4fb,MagicType
Sage,0x2d2,SageDesc,0x44,0x46,0x42,0x0,0xF0,0x11,41,4,22,18,6,10,7,6,80,23,25,28,23,26,25,3,100,20,70,55,20,30,40,5,2,0,2,2,2,IsPromoted,NoRank,NoRank,NoRank,NoRank,DRank,CRank,DRank,NoRank,SageMAnim|IsPointer,0x880BA10,0x880BA10,0x880BA10,0x880C479,0x880c4ba,0x880c4fb,MagicType
Sage (F),0x2d2,SageDesc,0x45,0x47,0x43,0x0,0xF1,0x16,41,4,22,18,6,10,7,6,80,20,20,20,20,20,20,2,100,20,70,55,20,30,40,0,0,0,0,0,0,IsPromoted|IsFemale,NoRank,NoRank,NoRank,NoRank,DRank,CRank,DRank,NoRank,SageFAnim|IsPointer,0x880BA10,0x880BA10,0x880BA10,0x880C479,0x880c4ba,0x880c4fb,MagicType
Mageknight,0x2d3,MageknightDesc,0x46,0x46,0x44,0x0,0xF2,0x19,44,14,23,16,10,11,9,8,80,20,20,20,20,20,25,2,100,20,70,55,20,30,40,0,0,0,0,0,0,MountedAid|HasCanto|IsPromoted|HorseIcon,DRank,NoRank,NoRank,NoRank,NoRank,CRank,NoRank,NoRank,MageknightMAnim|IsPointer,TruthBringerMoveCost|IsPointer,TruthBringerMoveCost|IsPointer,TruthBringerMoveCost|IsPointer,0x880C479,0x880c4ba,0x880c4fb,HorseType|MagicType
Mageknight (F),0x2d3,MageknightDesc,0x47,0x47,0x45,0x0,0xF3,0x1a,44,14,23,16,10,11,9,8,80,25,24,25,24,28,25,3,100,20,70,55,20,30,40,3,2,1,0,2,3,MountedAid|HasCanto|IsPromoted|HorseIcon|IsFemale,DRank,NoRank,NoRank,NoRank,NoRank,CRank,NoRank,NoRank,MageknightFAnim|IsPointer,TruthBringerMoveCost|IsPointer,TruthBringerMoveCost|IsPointer,TruthBringerMoveCost|IsPointer,0x880C479,0x880c4ba,0x880c4fb,HorseType|MagicType
Shaman,0x2e1,ShamanDesc,0x48,0x50,0x47,0x0,0xF4,0x0,23,0,7,4,8,7,9,5,60,25,25,25,25,25,25,2,120,40,60,30,70,60,30,0,0,0,0,0,0,0x0,NoRank,NoRank,NoRank,NoRank,NoRank,NoRank,NoRank,DRank,ShamanMAnim|IsPointer,0x880BA10,0x880BA10,0x880BA10,0x880C479,0x880c4ba,0x880c4fb,MagicType
Shaman (F),0x2e1,ShamanDesc,0x49,0x39,0x48,0x0,0xF5,0x2b,23,0,7,4,8,7,9,5,25,25,25,25,25,25,25,3,120,40,60,30,70,60,30,0,0,0,0,0,0,IsFemale,NoRank,NoRank,NoRank,NoRank,NoRank,NoRank,NoRank,DRank,ShamanFAnim|IsPointer,0x880BA10,0x880BA10,0x880BA10,0x880C479,0x880c4ba,0x880c4fb,MagicType
Druid,0x2e2,DruidDesc,0x4a,0x4e,0x49,0x0,0xF6,0x0,47,8,19,10,22,19,10,6,80,20,20,20,30,20,25,3,120,40,60,30,70,60,30,0,0,0,0,0,0,IsPromoted,NoRank,NoRank,NoRank,NoRank,CRank,NoRank,NoRank,CRank,DruidMAnim|IsPointer,0x880BA10,0x880BA10,0x880BA10,0x880C479,0x880c4ba,0x880c4fb,MagicType
Druid (F),0x2e2,DruidDesc,0x4b,0x4e,0x4a,0x0,0xF7,0x0,47,8,19,10,22,19,10,6,80,20,20,20,20,20,20,3,120,40,60,30,70,60,30,0,0,0,0,0,0,IsFemale|IsPromoted,NoRank,NoRank,NoRank,NoRank,DRank,NoRank,NoRank,CRank,DruidFAnim|IsPointer,0x880BA10,0x880BA10,0x880BA10,0x880C479,0x880c4ba,0x880c4fb,MagicType
Mimi,0x2e2,DruidDesc,0x4c,0x57,0x4b,0x0,0xE5,0x0,0,0,0,0,0,0,0,6,80,25,22,21,24,22,25,1,120,40,60,30,70,60,30,0,0,0,0,0,0,IsPromoted,NoRank,NoRank,NoRank,NoRank,DRank,CRank,NoRank,CRank,MimiAnim|IsPointer,0x880BA10,0x880BA10,0x880BA10,0x880C479,0x880c4ba,0x880c4fb,MagicType
Monk,0x2e4,MonkDesc,0x4d,0x57,0x4c,0x0,0xF8,0x0,19,0,7,9,1,10,5,5,60,25,25,25,25,25,25,3,90,10,65,70,15,100,80,0,0,0,0,0,0,0x0,NoRank,NoRank,NoRank,NoRank,NoRank,NoRank,DRank,NoRank,MonkAnim|IsPointer,0x880BA10,0x880BA10,0x880BA10,0x880C479,0x880c4ba,0x880c4fb,MagicType
Priest,0x2e6,ClergyDesc,0x4e,0x4a,0x4d,0x0,0xF9,0x0,20,0,4,8,2,8,5,5,60,25,25,25,25,25,25,3,100,20,40,50,20,80,90,0,0,0,0,0,0,0x0,NoRank,NoRank,NoRank,NoRank,DRank,NoRank,NoRank,NoRank,PriestAnim|IsPointer,0x880BA10,0x880BA10,0x880BA10,0x880C479,0x880c4ba,0x880c4fb,MagicType
Cleric (Gu),0x2e9,ClergyDesc,0x4f,0x54,0x4e,0x0,0xFA,0x0,20,0,4,8,2,8,5,5,60,25,25,25,25,25,25,3,100,20,40,50,20,80,90,0,0,0,0,0,0,IsFemale,NoRank,NoRank,NoRank,NoRank,DRank,NoRank,NoRank,NoRank,ClericAnim|IsPointer,0x880BA10,0x880BA10,0x880BA10,0x880C479,0x880c4ba,0x880c4fb,MagicType
Cleric (Gl),0x2e9,ClergyDesc,0x50,0x53,0x4e,0x0,0xFA,0x0,20,0,4,8,2,8,5,5,60,25,25,25,25,25,25,3,100,20,40,50,20,80,90,0,0,0,0,0,0,IsFemale,NoRank,NoRank,NoRank,NoRank,DRank,NoRank,NoRank,NoRank,ClericAnim|IsPointer,0x880BA10,0x880BA10,0x880BA10,0x880C479,0x880c4ba,0x880c4fb,MagicType
Summon,DreadFighterName,DreadFighterDesc,0x51,0x0,0x33,0x0,0xE4,0x1e,42,16,17,22,10,20,10,7,1,20,20,20,0,0,20,3,0,50,70,90,30,30,40,0,0,0,0,0,0,IsPromoted|SwordmasterUnlock|CritBoost,CRank,NoRank,NoRank,NoRank,NoRank,CRank,CRank,CRank,DreadfighterAnim|IsPointer,0x880BB96,0x880BB96,0x880BB96,0x880C479,0x880c4ba,0x880c4fb,MagicType
Bishop,0x2d4,BishopDesc,0x52,0x56,0x4f,0x0,0xFB,0x0,37,2,20,23,4,25,6,6,80,30,28,26,26,22,25,3,100,20,40,50,20,80,90,0,0,0,0,0,0,IsPromoted,NoRank,NoRank,NoRank,NoRank,CRank,NoRank,CRank,NoRank,BishopMAnim|IsPointer,0x880BA10,0x880BA10,0x880BA10,0x880C479,0x880c4ba,0x880c4fb,MagicType
Bishop (F),0x2d4,BishopDesc,0x53,0x5a,0x50,0x0,0xFC,0x0,37,2,20,23,4,25,6,6,80,30,28,26,26,22,25,3,100,20,40,50,20,80,90,0,0,0,0,0,0,IsFemale|IsPromoted,NoRank,NoRank,NoRank,NoRank,CRank,NoRank,CRank,NoRank,BishopFAnim|IsPointer,0x880BA10,0x880BA10,0x880BA10,0x880C479,0x880c4ba,0x880c4fb,MagicType
Troubadour,0x2ea,TroubadourDesc,0x54,0x59,0x51,0x0,0xFD,0x0,18,0,3,10,1,5,4,7,60,25,25,25,25,25,25,3,80,10,30,70,10,60,100,0,0,0,0,0,0,IsFemale|MountedAid|HasCanto|HorseIcon,NoRank,NoRank,NoRank,NoRank,DRank,NoRank,NoRank,NoRank,TroubadourAnim|IsPointer,TroubadourMoveCost|IsPointer,TroubadourMoveCost|IsPointer,TroubadourMoveCost|IsPointer,0x880C479,0x880c4ba,0x880c4fb,HorseType|MagicType
Valkyrie,0x2eb,ValkyrieDesc,0x55,0x0,0x52,0x0,0xFE,0x0,34,0,9,24,3,17,5,8,80,20,20,20,20,20,20,3,80,10,30,70,10,60,100,0,0,0,0,0,0,IsFemale|MountedAid|HasCanto|HorseIcon|IsPromoted,NoRank,NoRank,NoRank,NoRank,DRank,DRank,DRank,NoRank,ValkyrieAnim|IsPointer,TruthBringerMoveCost|IsPointer,TruthBringerMoveCost|IsPointer,TruthBringerMoveCost|IsPointer,0x880C479,0x880c4ba,0x880c4fb,HorseType|MagicType
Supplier,SupplierName,SupplierDesc,0x56,0x0,0x53,0x0,0xE5,0x0,0,0,0,0,0,0,0,7,60,24,29,30,22,23,20,3,65,28,35,35,16,22,25,0,0,0,0,0,0,MountedAid|IsFemale,NoRank,ERank,NoRank,NoRank,NoRank,NoRank,NoRank,NoRank,SupplierAnim|IsPointer,CommanderMoveCost|IsPointer,CommanderMoveCost|IsPointer,CommanderMoveCost|IsPointer,0x880C479,0x880c4ba,0x880c4fb,0x0
Dancer,0x2ec,DancerDesc,0x57,0x0,0x54,0x0,0xE5,0x0,0,0,0,0,0,0,0,6,60,20,20,20,20,20,20,3,80,35,40,28,15,15,10,0,0,0,0,0,0,CanDance|IsFemale,ERank,NoRank,NoRank,NoRank,NoRank,NoRank,NoRank,NoRank,DancerAnim|IsPointer,CommanderMoveCost|IsPointer,CommanderMoveCost|IsPointer,CommanderMoveCost|IsPointer,0x880C479,0x880c4ba,0x880c4fb,DragonType
Manakete,0x2d7,DragonDesc,0x58,0x0,0x55,0x0,0xFF,0x0,25,8,4,7,9,3,12,6,80,25,26,24,25,25,25,3,75,30,30,18,13,20,10,0,0,0,0,0,0,UseMonsterWeapons|DragonIcon,NoRank,NoRank,NoRank,NoRank,NoRank,NoRank,NoRank,NoRank,0x0,0x880BB96,0x880BB96,0x880BB96,0x880c53c,0x880C57D,0x880C5BE,DragonType
Mage Dragon,MageDragonName,DragonDesc,0x59,0x0,0x56,0x0,0xE5,0x0,0,0,0,0,0,0,0,6,60,20,20,20,20,20,20,3,50,45,32,30,10,28,30,0,0,0,0,0,0,UseMonsterWeapons|DragonIcon,NoRank,NoRank,NoRank,NoRank,NoRank,NoRank,NoRank,NoRank,0x0,0x880BB96,0x880BB96,0x880BB96,0x880c53c,0x880C57D,0x880C5BE,DragonType|MagicType
Eclipse Knight,EclipseKnightName,EclipseKnightDesc,0x5a,0x0,0x6B,0x0,0xE5,0x0,0,0,0,0,0,0,0,8,60,29,26,26,20,29,20,3,45,55,30,25,10,28,20,0,0,0,0,0,0,MountedAid|HasCanto|IsPromoted|HorseIcon,NoRank,NoRank,NoRank,NoRank,NoRank,NoRank,NoRank,NoRank,0x0,TruthBringerMoveCost|IsPointer,TruthBringerMoveCost|IsPointer,TruthBringerMoveCost|IsPointer,0x880c479,0x880c4ba,0x880c4fb,HorseType|MagicType
Twilight Knight,TwilightKnightName,TwilightKnightDesc,0x5b,0x0,0x6c,0x0,0xE5,0x0,0,0,0,0,0,0,0,7,60,29,26,26,21,28,25,3,45,60,30,25,10,40,30,0,0,0,0,0,0,SwordmasterUnlock|IsFemale|IsPromoted|CritBoost,NoRank,NoRank,NoRank,NoRank,NoRank,NoRank,NoRank,NoRank,0x0,CommanderMoveCost|IsPointer,CommanderMoveCost|IsPointer,CommanderMoveCost|IsPointer,0x880c479,0x880c4ba,0x880c4fb,SwordType
Princess,PrincessName,PrincessDesc,0x5c,0x0,0x6d,0x0,0xE5,0x0,0,0,0,0,0,0,0,7,60,24,29,30,22,23,20,3,65,28,35,35,16,22,25,0,0,0,0,0,0,MountedAid|IsFemale,NoRank,ERank,NoRank,NoRank,NoRank,NoRank,NoRank,NoRank,0x0,CommanderMoveCost|IsPointer,CommanderMoveCost|IsPointer,CommanderMoveCost|IsPointer,0x880C479,0x880c4ba,0x880c4fb,0x0
Demon King,0x304,0x34f,0x5d,0x1f,0x6e,0x0,0xaa,0x0,120,23,20,18,25,25,25,2,120,50,50,50,50,50,25,5,95,40,30,20,20,20,25,0,0,0,0,0,0,UseMonsterWeapons|IsPromoted,NoRank,NoRank,NoRank,NoRank,NoRank,NoRank,NoRank,NoRank,JacobAnim|IsPointer,0x880bbd7,0x880bbd7,0x880bbd7,0x880c479,0x880c4ba,0x880c4fb,MonsterType
MasterKnight,MasterKnightName,MasterKnightDesc,0x5e,0x0,0x0,0x0,0xE5,0x0,0,0,0,0,0,0,0,6,60,20,20,20,20,20,20,3,50,45,32,30,10,28,30,0,0,0,0,0,0,UseMonsterWeapons|DragonIcon,NoRank,NoRank,NoRank,NoRank,NoRank,NoRank,NoRank,NoRank,0x0,0x880BB96,0x880BB96,0x880BB96,0x880c53c,0x880C57D,0x880C5BE,HorseType|IsPromoted
Arch Mogall,0x2fe,0x34a,0x5f,0x0,0x6f,0x0,0xE5,0x0,0,0,0,0,0,0,0,8,60,29,26,26,20,29,20,3,45,55,30,25,10,28,20,0,0,0,0,0,0,MountedAid|HasCanto|IsPromoted|HorseIcon,NoRank,NoRank,NoRank,NoRank,NoRank,NoRank,NoRank,NoRank,0x0,TruthBringerMoveCost|IsPointer,TruthBringerMoveCost|IsPointer,TruthBringerMoveCost|IsPointer,0x880c479,0x880c4ba,0x880c4fb,HorseType|MagicType
Arch Mogall,0x2fe,0x34a,0x60,0x0,0x6b,0x0,0xE5,0x0,0,0,0,0,0,0,0,8,60,29,26,26,20,29,20,3,45,55,30,25,10,28,20,0,0,0,0,0,0,MountedAid|HasCanto|IsPromoted|HorseIcon,NoRank,NoRank,NoRank,NoRank,NoRank,NoRank,NoRank,NoRank,0x0,TruthBringerMoveCost|IsPointer,TruthBringerMoveCost|IsPointer,TruthBringerMoveCost|IsPointer,0x880c479,0x880c4ba,0x880c4fb,HorseType|MagicType
Gorgon,0x2ff,0x34b,0x61,0x0,0x6c,0x0,0xE5,0x0,0,0,0,0,0,0,0,7,60,29,26,26,21,28,25,3,45,60,30,25,10,40,30,0,0,0,0,0,0,SwordmasterUnlock|IsFemale|IsPromoted|CritBoost,NoRank,NoRank,NoRank,NoRank,NoRank,NoRank,NoRank,NoRank,0x0,CommanderMoveCost|IsPointer,CommanderMoveCost|IsPointer,CommanderMoveCost|IsPointer,0x880c479,0x880c4ba,0x880c4fb,SwordType
Gorgon Egg,0x300,0x34c,0x62,0x0,0x6d,0x0,0xE5,0x0,0,0,0,0,0,0,0,6,60,30,30,30,30,30,30,3,100,0,0,0,0,0,0,0,0,0,0,0,0,0x0,NoRank,NoRank,NoRank,NoRank,NoRank,NoRank,NoRank,NoRank,0x0,CommanderMoveCost|IsPointer,CommanderMoveCost|IsPointer,CommanderMoveCost|IsPointer,0x880c479,0x880c4ba,0x880c4fb,SwordType
Gargoyle,0x301,0x34d,0x63,0x0,0x6e,0x0,0xE5,0x0,0,0,0,0,0,0,0,6,60,20,20,20,20,20,20,3,80,45,35,35,25,15,10,0,0,0,0,0,0,0x0,NoRank,NoRank,NoRank,NoRank,NoRank,NoRank,NoRank,NoRank,0x0,CommanderMoveCost|IsPointer,CommanderMoveCost|IsPointer,CommanderMoveCost|IsPointer,0x880c479,0x880c4ba,0x880c4fb,SwordType
DeathGoyle,0x302,0x34e,0x64,0x0,0x6f,0x0,0xE5,0x0,0,0,0,0,0,0,0,6,60,27,25,23,28,22,25,3,75,40,30,25,20,17,10,0,0,0,0,0,0,0x0,NoRank,NoRank,NoRank,NoRank,NoRank,NoRank,NoRank,NoRank,0x0,CommanderMoveCost|IsPointer,CommanderMoveCost|IsPointer,CommanderMoveCost|IsPointer,0x880c479,0x880c4ba,0x880c4fb,SwordType
DracoZombie,0x303,0x34f,0x65,0x1f,0x70,0x0,0xE5,0x0,0,0,0,0,0,0,0,7,100,50,50,50,50,50,25,3,85,35,20,20,30,10,25,0,0,0,0,0,0,0x0,NoRank,NoRank,NoRank,NoRank,NoRank,NoRank,NoRank,NoRank,0x0,CommanderMoveCost|IsPointer,CommanderMoveCost|IsPointer,CommanderMoveCost|IsPointer,0x880c53c,0x880c57d,0x880c5be,SwordType
Demon King,0x304,0x350,0x66,0x1f,0x71,0x0,0xaa,0x0,120,23,20,18,25,25,25,2,120,50,50,50,50,50,25,5,95,40,30,20,20,20,25,0,0,0,0,0,0,UseMonsterWeapons|IsPromoted,NoRank,NoRank,NoRank,NoRank,NoRank,NoRank,NoRank,NoRank,JacobAnim|IsPointer,0x880bbd7,0x880bbd7,0x880bbd7,0x880c479,0x880c4ba,0x880c4fb,MonsterType
Archer on Ballista,0x0,0x0,0x67,0x0,0x58,0x0,0x0,0x0,0,0,0,0,0,0,0,0,0,0,0,0,0,0,0,3,0,0,0,0,0,10,0,0,0,0,0,0,0,0x0,NoRank,NoRank,NoRank,NoRank,NoRank,NoRank,NoRank,NoRank,0x0,0x0,0x0,0x0,0x880c479,0x880c4ba,0x880c4fb,0x0
Archer on Iron Ballista,0x0,0x0,0x68,0x0,0x59,0x0,0x0,0x0,0,0,0,0,0,0,0,0,0,0,0,0,0,0,0,0,0,0,0,0,0,0,0,0,0,0,0,0,0,0x0,NoRank,NoRank,NoRank,NoRank,NoRank,NoRank,NoRank,NoRank,0x0,0x0,0x0,0x0,0x880c479,0x880c4ba,0x880c4fb,0x0
Archer on Killer Ballista,0x0,0x0,0x69,0x0,0x5a,0x0,0x0,0x0,0,0,0,0,0,0,0,0,0,0,0,0,0,0,0,0,0,0,0,0,0,0,0,0,0,0,0,0,0,0x0,NoRank,NoRank,NoRank,NoRank,NoRank,NoRank,NoRank,NoRank,0x0,0x0,0x0,0x0,0x880c479,0x880c4ba,0x880c4fb,0x0
Ballista,0x0,0x0,0x6a,0x0,0x5b,0x0,0x0,0x0,0,0,0,0,0,0,0,0,0,0,0,0,0,0,0,0,0,0,0,0,0,0,0,0,0,0,0,0,0,0x0,NoRank,NoRank,NoRank,NoRank,NoRank,NoRank,NoRank,NoRank,0x0,0x0,0x0,0x0,0x880c479,0x880c4ba,0x880c4fb,0x0
Iron Ballista,0x0,0x0,0x6b,0x0,0x5c,0x0,0x0,0x0,0,0,0,0,0,0,0,0,0,0,0,0,0,0,0,0,0,0,0,0,0,0,0,0,0,0,0,0,0,0x0,NoRank,NoRank,NoRank,NoRank,NoRank,NoRank,NoRank,NoRank,0x0,0x0,0x0,0x0,0x880c479,0x880c4ba,0x880c4fb,0x0
Killer Ballista,0x0,0x0,0x6c,0x0,0x5d,0x0,0x0,0x0,0,0,0,0,0,0,0,0,0,0,0,0,0,0,0,0,0,0,0,0,0,0,0,0,0,0,0,0,0,0x0,NoRank,NoRank,NoRank,NoRank,NoRank,NoRank,NoRank,NoRank,0x0,0x0,0x0,0x0,0x880c479,0x880c4ba,0x880c4fb,0x0
Fighter,0x2dc,FighterDesc,0x6d,0x9,0xa,0x0,0xBF,0xd,24,10,7,6,4,1,12,5,60,25,25,25,25,25,25,3,130,75,60,50,55,15,40,4,2,2,3,2,3,0x0,NoRank,NoRank,DRank,NoRank,NoRank,NoRank,NoRank,NoRank,FighterMAnim|IsPointer,0x0880B849,0x0880B849,0x0880B849,0x880C479,0x880c4ba,0x880c4fb,0x0
Civilian (F),0x305,0x351,0x6e,0x0,0x5f,0x1,0x63,0x0,7,0,0,0,0,1,3,5,60,20,20,20,20,20,20,1,10,0,0,0,0,10,0,0,0,0,0,0,0,0x0,NoRank,NoRank,NoRank,NoRank,NoRank,NoRank,NoRank,NoRank,0x0,0x880ba51,0x880bea2,0x880c2b2,0x880c479,0x880c4ba,0x880c4fb,0x0
Civilian,0x305,0x351,0x6f,0x0,0x60,0x1,0x59,0x0,10,0,1,0,0,2,6,5,60,20,20,20,20,20,20,1,10,0,0,0,0,10,0,0,0,0,0,0,0,0x0,NoRank,NoRank,NoRank,NoRank,NoRank,NoRank,NoRank,NoRank,0x0,0x880ba51,0x880bea2,0x880c2b2,0x880c479,0x880c4ba,0x880c4fb,0x0
Civilian (F),0x305,0x351,0x70,0x0,0x61,0x1,0x62,0x0,9,0,1,0,0,1,4,5,60,20,20,20,20,20,20,1,10,0,0,0,0,10,0,0,0,0,0,0,0,0x0,NoRank,NoRank,NoRank,NoRank,NoRank,NoRank,NoRank,NoRank,0x0,0x880ba51,0x880bea2,0x880c2b2,0x880c479,0x880c4ba,0x880c4fb,0x0
Civilian,0x305,0x351,0x71,0x0,0x5e,0x1,0x5c,0x0,12,3,0,0,2,0,7,5,60,20,20,20,20,20,20,1,10,0,0,0,0,10,0,0,0,0,0,0,0,0x0,NoRank,NoRank,NoRank,NoRank,NoRank,NoRank,NoRank,NoRank,0x0,0x880ba51,0x880bea2,0x880c2b2,0x880c479,0x880c4ba,0x880c4fb,0x0
Civilian (F),0x305,0x351,0x72,0x0,0x5f,0x1,0x61,0x0,10,0,1,0,1,1,5,5,60,20,20,20,20,20,20,1,10,0,0,0,0,10,0,0,0,0,0,0,0,0x0,NoRank,NoRank,NoRank,NoRank,NoRank,NoRank,NoRank,NoRank,0x0,0x880ba51,0x880bea2,0x880c2b2,0x880c479,0x880c4ba,0x880c4fb,0x0
Peer,0x0,0x0,0x73,0x0,0x62,0x1,0x1,0x0,10,0,0,0,0,0,8,5,60,20,20,20,20,20,20,1,10,0,0,0,0,10,0,0,0,0,0,0,0,0x0,NoRank,NoRank,NoRank,NoRank,NoRank,NoRank,NoRank,NoRank,0x0,0x880ba51,0x880bea2,0x880c2b2,0x880c479,0x880c4ba,0x880c4fb,0x0
Queen,0x307,0x353,0x74,0x0,0x63,0x1,0x1,0x0,10,0,0,0,0,0,5,5,60,20,20,20,20,20,20,1,10,0,0,0,0,10,0,0,0,0,0,0,0,0x0,NoRank,NoRank,NoRank,NoRank,NoRank,NoRank,NoRank,NoRank,0x0,0x880ba51,0x880bea2,0x880c2b2,0x880c479,0x880c4ba,0x880c4fb,0x0
Prince,0x0,0x0,0x75,0x0,0x64,0x1,0x1,0x0,10,0,0,0,0,0,7,5,60,20,20,20,20,20,20,1,10,0,0,0,0,10,0,0,0,0,0,0,0,0x0,NoRank,NoRank,NoRank,NoRank,NoRank,NoRank,NoRank,NoRank,0x0,0x880ba51,0x880bea2,0x880c2b2,0x880c479,0x880c4ba,0x880c4fb,0x0
Queen,0x307,0x353,0x76,0x0,0x65,0x1,0x1,0x0,10,0,0,0,0,0,6,5,60,20,20,20,20,20,20,1,10,0,0,0,0,10,0,0,0,0,0,0,0,0x0,NoRank,NoRank,NoRank,NoRank,NoRank,NoRank,NoRank,NoRank,0x0,0x880ba51,0x880bea2,0x880c2b2,0x880c479,0x880c4ba,0x880c4fb,0x0
(empty),0x0,0x0,0x77,0x0,0x66,0x0,0x0,0x0,0,0,0,0,0,0,0,0,0,0,0,0,0,0,0,0,0,0,0,0,0,0,0,0,0,0,0,0,0,0x0,NoRank,NoRank,NoRank,NoRank,NoRank,NoRank,NoRank,NoRank,0x0,0x0,0x0,0x0,0x880c479,0x880c4ba,0x880c4fb,0x0
Fallen Prince,0x0,0x0,0x78,0x0,0x67,0x1,0x1,0x0,10,0,0,0,0,0,25,5,60,20,20,20,20,20,20,1,10,0,0,0,0,10,0,0,0,0,0,0,0,0x0,NoRank,NoRank,NoRank,NoRank,NoRank,NoRank,NoRank,NoRank,0x0,0x880ba51,0x880bea2,0x880c2b2,0x880c479,0x880c4ba,0x880c4fb,0x0
Tent,0x0,0x0,0x79,0x0,0x68,0x1,0x1,0x0,15,0,3,3,3,0,25,0,60,20,20,20,20,20,25,1,10,0,0,0,0,10,0,0,0,0,0,0,0,CannotControl|IsSupply,NoRank,NoRank,NoRank,NoRank,NoRank,NoRank,NoRank,NoRank,0x0,0x880ba51,0x880bea2,0x880c2b2,0x880c479,0x880c4ba,0x880c4fb,0x0
Pontifex,0x306,0x352,0x7a,0x0,0x69,0x1,0x1,0x0,10,0,0,0,0,0,8,5,60,20,20,20,20,20,20,1,10,0,0,0,0,10,0,0,0,0,0,0,0,0x0,NoRank,NoRank,NoRank,NoRank,NoRank,NoRank,NoRank,NoRank,0x0,0x880ba51,0x880bea2,0x880c2b2,0x880c479,0x880c4ba,0x880c4fb,0x0
Dead Peer,0x0,0x0,0x7b,0x0,0x6a,0x1,0x1,0x0,10,0,0,0,0,0,25,5,60,20,20,20,20,20,20,1,10,0,0,0,0,10,0,0,0,0,0,0,0,0x0,NoRank,NoRank,NoRank,NoRank,NoRank,NoRank,NoRank,NoRank,0x0,0x880ba51,0x880bea2,0x880c2b2,0x880c479,0x880c4ba,0x880c4fb,0x0
Cyclops,0x2f8,0x344,0x7c,0x9,0x4b,0x0,0x9f,0x0,40,8,5,6,13,0,16,5,80,29,29,28,30,25,25,3,95,30,35,25,24,25,10,0,0,0,0,0,0,IsPromoted,NoRank,NoRank,SRank,NoRank,NoRank,NoRank,NoRank,NoRank,0x88af6a4,0x880b8cb,0x880bd1c,0x880c12c,0x880c479,0x880c4ba,0x880c4fb,MonsterType
Elder Bael,0x2f7,0x343,0x7d,0x58,0x4a,0x0,0x9e,0x0,36,8,5,5,9,4,15,6,80,30,28,26,26,22,25,3,85,45,25,20,21,17,10,0,0,0,0,0,0,UseMonsterWeapons|IsPromoted,NoRank,NoRank,NoRank,NoRank,NoRank,NoRank,NoRank,NoRank,0x88af6bc,0x880b94d,0x880bd9e,0x880c1ae,0x880c479,0x880c4ba,0x880c4fb,MonsterType
Journeyman (2),0x2d8,0x324,0x7e,0x38,0x2d,0x0,0x74,0x27,20,5,3,4,2,1,8,5,60,20,20,20,20,20,20,3,85,55,40,32,18,20,40,2,0,2,0,2,2,0x0,NoRank,NoRank,DRank,NoRank,NoRank,NoRank,NoRank,NoRank,0x88af6c8,0x880b8cb,0x880bd1c,0x880c12c,0x880c479,0x880c4ba,0x880c4fb,0x0
Pupil (2),0x2d9,0x325,0x7f,0x39,0x2e,0x0,0x7c,0x29,17,2,3,3,3,3,5,5,60,20,20,20,20,20,20,3,55,55,40,35,10,30,40,2,1,1,0,2,2,0x0,NoRank,NoRank,NoRank,NoRank,NoRank,DRank,NoRank,NoRank,0x88af6e0,0x880ba10,0x880be61,0x880c271,0x880c479,0x880c4ba,0x880c4fb,0x0
